date,mean_headline_sent,mean_content_sent
2013-10-11,0.0,0.0
2017-12-17,0.0021161556243896483,0.0
2017-12-18,-0.19750601649284363,0.0
2017-12-19,-0.12724416553974152,0.0
2017-12-20,-0.11142268478870392,0.0
2017-12-21,0.04816053807735443,0.0
2017-12-22,0.024082008004188537,0.0
2017-12-25,-0.009487515687942505,0.0
2017-12-27,-0.006367504596710205,0.0
2017-12-28,-0.04110856354236603,0.0
2017-12-30,0.08191703706979751,0.0
2017-12-31,-0.04031133055686951,0.0
2018-01-02,0.04037235975265503,0.0
2018-01-03,0.05954393744468689,0.0
2018-01-04,-0.24282591342926024,0.0
2018-01-05,0.05098987817764282,0.0
2018-01-06,-0.10370149612426757,0.0
2018-01-08,-0.14496977627277374,0.0
2018-01-09,-0.16595364212989808,0.0
2018-01-10,-0.1499097004532814,0.0
2018-01-11,-0.16431910991668702,0.0
2018-01-12,0.09857054054737091,0.0
2018-01-14,-0.14470305442810058,0.0
2018-01-15,-0.11107975244522095,0.0
2018-01-16,-0.14675477743148804,0.0
2018-01-17,-0.10506532639265061,0.0
2018-01-18,-0.19500626772642135,0.0
2018-01-19,-0.04101601541042328,0.0
2018-01-21,-0.19348605573177338,0.0
2018-01-22,-0.06070598363876343,0.0
2018-01-23,-0.1347182422876358,0.0
2018-01-24,-0.31219800710678103,0.0
2018-01-25,0.06376065611839295,0.0
2018-01-26,-0.1646294578909874,0.0
2018-01-28,-0.13636597394943237,0.0
2018-01-29,-0.06034371852874756,0.0
2018-01-30,-0.16881150454282762,0.0
2018-01-31,-0.10641291141510009,0.0
2018-02-01,-0.026187743246555328,0.0
2018-02-03,-0.004620140790939331,0.0
2018-02-04,-0.020856614410877227,0.0
2018-02-05,-0.24964851140975952,0.0
2018-02-06,-0.15414209067821502,0.0
2018-02-07,-0.29984230995178224,0.0
2018-02-08,-0.025543540716171265,0.0
2018-02-09,-0.41351220309734343,0.0
2018-02-10,-0.33455139100551606,0.0
2018-02-12,-0.14552594125270843,0.0
2018-02-14,-0.24283773303031922,0.0
2018-02-16,-0.2607178121805191,0.0
2018-02-19,-0.0954385131597519,0.0
2018-02-20,-0.20953335165977477,0.0
2018-02-21,-0.12848913967609404,0.0
2018-02-22,-0.3237548843026161,0.0
2018-02-23,0.00010456740856170654,0.0
2018-02-25,-0.42781626582145693,0.0
2018-02-26,-0.10279657840728759,0.0
2018-02-27,-0.1357278361916542,0.0
2018-02-28,-0.11810103952884674,0.0
2018-03-01,0.07188511490821839,0.0
2018-03-02,-0.08372997045516968,0.0
2018-03-03,0.008544281125068665,0.0
2018-03-04,-0.203604057431221,0.0
2018-03-05,-0.13194990158081055,0.047619041942414786
2018-03-06,-0.1555029040291196,-0.03693809963407971
2018-03-07,-0.18865061533160327,-0.014651871309047791
2018-03-08,-0.0961733341217041,0.0
2018-03-09,-0.15687117278575896,0.0
2018-03-11,-0.17937761843204497,0.0
2018-03-12,-0.008453213033222017,0.04760019268308367
2018-03-13,-0.2577170580625534,0.0
2018-03-14,-0.1261795163154602,0.0
2018-03-15,-0.29690792560577395,0.0
2018-03-16,-0.14607113301754,0.0
2018-03-18,-0.1192388266324997,0.0
2018-03-19,-0.13465648889541626,0.04759535335359119
2018-03-20,-0.05721918846431531,-0.09136813879013062
2018-03-21,-0.06881408647793096,-0.04921643072512091
2018-03-22,-0.0757081111272176,-0.22934906392969112
2018-03-23,-0.17622215270996094,-0.05259582678476969
2018-03-24,-0.24157074364748868,-0.20753542401573874
2018-03-25,-0.0355972757464961,-0.03234581100313287
2018-03-26,-0.03288583199183146,-0.05316186587015788
2018-03-27,-0.1752683491241641,-0.08779632609064986
2018-03-28,0.04335204530984928,-0.04184668874129271
2018-03-29,-0.05381665199617796,-0.08660048397281501
2018-03-30,-0.11615015530004734,-0.04583107698254469
2018-03-31,0.0,0.39511250257492064
2018-04-01,-0.7499578297138214,0.0
2018-04-02,-0.26468127007995335,-0.24996362626552582
2018-04-03,-0.005237927436828613,-0.041971331437428795
2018-04-04,-0.09982707494726548,-0.14014486567332193
2018-04-05,-0.14177607723644803,-0.04094609022140503
2018-04-06,-0.20341160583805729,-0.13335922244307283
2018-04-07,-0.09985774159431457,-0.0011348366737365724
2018-04-08,-0.06779848445545543,-0.48363417928869074
2018-04-09,-0.08802658397900431,-0.06832409767728102
2018-04-10,-0.07902152948482062,0.033865107643988826
2018-04-11,-0.07183639129454439,-0.08713452721183951
2018-04-12,-0.020993182624595753,0.048511492169421654
2018-04-13,-0.33368406020678004,-0.24972017178168662
2018-04-14,-0.1151522696018219,-0.2077554687857628
2018-04-15,-0.144262344450564,-0.18737296478168383
2018-04-16,-0.09961430089814323,-0.11045225347791399
2018-04-17,-0.03832606404600009,-0.07795399595314348
2018-04-18,-0.09065444287607226,0.027121575201972056
2018-04-19,-0.20589908159954448,-0.06267475746047328
2018-04-20,-0.047420542240142825,-0.1168465248743693
2018-04-21,-0.14138296672276088,-0.14285259587424143
2018-04-22,-0.0898862361907959,-0.05417826345988682
2018-04-23,-0.19860037481575682,-0.22787332221081383
2018-04-24,-0.0012263075301521703,-0.037923565820643775
2018-04-25,0.009385403960642188,-0.013869256684274384
2018-04-26,-0.01913530873013781,0.053584802460360834
2018-04-27,-0.040053289383649826,-0.007924591191112995
2018-04-28,-0.2506645056936476,-0.1454318850128739
2018-04-29,-0.09567443529764812,-0.2644902467727661
2018-04-30,-0.1442797277122736,-0.15616129618138075
2018-05-01,-0.012600878635084772,0.01037745518856738
2018-05-02,-0.03861428079781709,-0.08487546995834068
2018-05-03,-0.1433046811916789,-0.12661796026542538
2018-05-04,-0.17140640784054995,-0.08639395609498024
2018-05-05,-0.00010953230016371784,0.029454040176728192
2018-05-06,0.0,-0.4025338689486186
2018-05-07,-0.18148215250535446,-0.03500624028119174
2018-05-08,-0.19137475739664106,-0.20462745606009639
2018-05-09,-0.08577246525708367,-0.0955145306446973
2018-05-10,-0.034774613077357665,-0.03870627839686507
2018-05-11,-0.14130296918653673,-0.03173623738750335
2018-05-12,-0.23174179517305815,-0.11516064405441284
2018-05-13,-0.6524523595968882,-0.3377308448155721
2018-05-14,0.0018667076007429376,-0.08385412233421602
2018-05-15,-0.12246264463447663,-0.061425812273140416
2018-05-16,-0.06742293679195902,-0.026267801937849625
2018-05-17,0.021893347463300152,-0.012838668720696562
2018-05-18,-0.11866639776432768,-0.1163905218560645
2018-05-19,-0.16662781437238058,-0.15328075488408408
2018-05-20,-0.22875625436956232,-0.18162863362919202
2018-05-21,-0.1282490381172725,-0.04560771839959281
2018-05-22,-0.2000136073084845,-0.22947142780690954
2018-05-23,-0.16802797839045525,-0.035366534255445004
2018-05-24,-0.18452516520345533,-0.18241264530130336
2018-05-25,-0.11734438922307262,-0.10574134490261339
2018-05-26,-0.24996572732925415,0.0
2018-05-27,-0.02539397724743547,-0.06824065282427032
2018-05-28,-0.07684814929962158,0.08531906513067392
2018-05-29,-0.1545039099383067,-0.10450413930846984
2018-05-30,-0.1230780927228256,-0.09931882922078522
2018-05-31,-0.16339766907404704,-0.1488839474069067
2018-06-01,-0.20995376946834418,-0.2242120005763494
2018-06-02,-0.0816608534918891,-0.30525658859146965
2018-06-03,-0.2132440397613927,-0.21959370688388222
2018-06-04,-0.27756951153278353,-0.06838548600673676
2018-06-05,0.0024375809382085932,0.010541210435841181
2018-06-06,-0.07714002430438996,-0.08326579247202193
2018-06-07,-0.11272756850465815,-0.14720751313453026
2018-06-08,-0.07408138116200765,-0.12659191340208054
2018-06-09,-0.12589827179908752,-1.093447208404541e-05
2018-06-10,-0.13695438254264095,-0.14316260814666748
2018-06-11,-0.1969307509519286,-0.11328923197115882
2018-06-12,-0.1394722903712412,0.0050202233068059
2018-06-13,0.03216013843066072,0.02897508585289733
2018-06-14,-0.11134954670379901,0.017981126390654464
2018-06-15,-0.15238447678394806,-0.17456085636065558
2018-06-16,-0.255377021100786,0.06457671854231092
2018-06-17,-0.26781188944975537,-0.0814260443051656
2018-06-18,-0.10708267064321608,-0.10612549384435017
2018-06-19,-0.14577178625350304,-0.1023993802831528
2018-06-20,-0.04665311378768728,-0.13496863917459415
2018-06-21,-0.2694859896620659,-0.18084234162552715
2018-06-22,-0.03138225058377799,-0.16939784409636158
2018-06-23,-0.24407929182052612,-0.2499573826789856
2018-06-24,-0.12090491586261326,-0.07360885982160215
2018-06-25,-0.22915954940459307,-0.08090298456304214
2018-06-26,-0.1848861029592611,-0.1077779359736685
2018-06-27,-0.35580752611160277,-0.13517584959665935
2018-06-28,-0.13023126443227132,-0.10372965733210246
2018-06-29,-0.00016602028661699437,-0.09041786950025986
2018-06-30,-0.12354990839958191,-0.30735187977552414
2018-07-01,0.011916538079579672,-0.1144448717435201
2018-07-02,-0.11739443620045979,-0.17260943333307902
2018-07-03,-0.12370661646127701,-0.14677760111434118
2018-07-04,-0.1281734933244421,-0.17860299348831177
2018-07-05,-0.10295843296363706,-0.14999523123756783
2018-07-06,-0.13380985520780087,-0.12572965119034052
2018-07-07,-0.31068195899327594,-0.30362892150878906
2018-07-08,-0.1705368679502736,0.043259343375330384
2018-07-09,-0.10101021277277093,-0.13227875295438266
2018-07-10,0.05868890829253615,0.05108013696837844
2018-07-11,-0.10303892721148099,-0.08123533427715302
2018-07-12,-0.025062514202935354,-0.16342052498034068
2018-07-13,-0.08874169056830199,-0.05687841967396114
2018-07-14,0.0,0.0
2018-07-15,5.04634597084739e-05,-0.4201110167936845
2018-07-16,-0.03461009910307735,-0.009341960929962525
2018-07-17,-0.04595010818504706,-0.07280483841896057
2018-07-18,-0.05296661593448156,-0.05486643006061685
2018-07-19,-0.19892792031168938,-0.06597175573309262
2018-07-20,-0.08449951690786026,-0.20170343097518473
2018-07-21,-0.17381211589364445,-0.0726763483356027
2018-07-22,-0.12496203184127808,-0.12498721480369568
2018-07-23,-0.09390330756152118,-0.09314532081286113
2018-07-24,-0.08991661086315061,0.047227021397613894
2018-07-25,-0.16119560920275175,-0.0767600967333867
2018-07-26,-0.038837889035542805,-0.09200954119364421
2018-07-27,-0.1631225070288015,-0.3162774651549583
2018-07-28,-0.4438034977231707,0.0713711827993393
2018-07-29,0.0033893346786499023,-0.16599560976028443
2018-07-30,-0.12773569921652475,-0.12822301189104715
2018-07-31,-0.09207059828083167,0.008796367752418089
2018-08-01,-0.10547656201301737,-0.23154254796657156
2018-08-02,-0.005322076571293366,-0.02798619025792831
2018-08-03,-0.01790887744803178,-0.17048736465604683
2018-08-04,-0.11830877153961747,0.03316471974054972
2018-08-05,-0.03945427179336548,-0.10534323692321777
2018-08-06,-0.10716827396760907,-0.04618224763033683
2018-08-07,-0.005108073606329449,-0.05587052793826087
2018-08-08,-0.048299293283005834,-0.1207794597451116
2018-08-09,-0.15468393130735916,-0.157219829342582
2018-08-10,-0.2104557193055445,-0.10231960792930758
2018-08-11,-0.23060712218284607,0.05176904797554016
2018-08-12,-0.27392719984054564,-0.07994359493255615
2018-08-13,-0.18022093333696065,-0.10604276468879298
2018-08-14,0.09924504734002627,0.03230241514169253
2018-08-15,-0.12063315473025359,-0.04342606852326212
2018-08-16,0.0825855743426543,0.0018880986250363863
2018-08-17,-0.12779416849738673,-0.30771898282201665
2018-08-18,-0.15079236030578613,-0.04347824532052745
2018-08-19,0.0,-0.24999341368675232
2018-08-20,-0.17089027083582348,-0.055286847054958344
2018-08-21,0.1125344244333414,-0.06035568851691026
2018-08-22,0.05093337595462799,-0.021097225638536308
2018-08-23,-0.2504756646230817,-0.13656998705118895
2018-08-24,-0.0771032263125692,0.0010166987776756287
2018-08-25,-0.16666632890701294,-0.44083085656166077
2018-08-26,-0.032348831494649254,0.03683850721076683
2018-08-27,-0.006633165382569836,-0.11911826172182637
2018-08-28,-0.06945504861719468,-0.042916588923510385
2018-08-29,0.05644833697722508,0.05163129132527571
2018-08-30,-0.1606813988515309,-0.06994410817112241
2018-08-31,-0.1316437338715169,-0.17113422902662362
2018-09-01,-0.19074631195801955,0.024778097867965698
2018-09-02,0.0027451298453591085,-0.2167261622168801
2018-09-03,-0.16516150669618088,-0.2071758093255939
2018-09-04,-0.0570784072081248,-0.007261379559834798
2018-09-05,-0.032935462155184905,-0.0475564127439981
2018-09-06,-0.09350566696702388,-0.15637434992873878
2018-09-07,-0.043799446026484175,-0.059314513206481935
2018-09-08,-0.31287213166554767,-0.32499635219573975
2018-09-09,-0.017151247709989548,-0.04397791996598244
2018-09-10,-0.025158409802418836,-0.10719256356077374
2018-09-11,-0.08052930945441836,-0.041008872645241876
2018-09-12,-0.15337386943291928,-0.09219627708628558
2018-09-13,-0.1125870315318412,-0.06888737386845528
2018-09-14,-0.03290103418486459,-0.10618140271731785
2018-09-15,-0.2060554597688758,0.0
2018-09-16,-0.13841706604668588,-0.1417993957346136
2018-09-17,-0.11645709276199341,-0.11051419377326965
2018-09-18,-0.11656874134427025,-0.12447123300461542
2018-09-19,-0.1600381428735298,-0.11412430750696283
2018-09-20,-0.10679132881618682,-0.006709687056995574
2018-09-21,-0.1307023400845735,0.029123032870499985
2018-09-22,0.03858824968338013,0.19999823570251465
2018-09-23,0.020794344298979816,-0.08808611070408541
2018-09-24,-0.0012329587569603552,-0.11839321714181167
2018-09-25,-0.09322146197845196,-0.1563884955028008
2018-09-26,-0.03416530118472334,0.030090125574581864
2018-09-27,-0.08213253663136409,-0.09796364834675422
2018-09-28,-0.13904062509536744,-0.14896140609468733
2018-09-29,-0.2384035634994507,0.0
2018-09-30,0.17591831358996304,0.09090909090909091
2018-10-01,-0.12319685767094295,-0.03597124728063742
2018-10-02,-0.08661506535871974,-0.09047981253210104
2018-10-03,-0.08529297301643773,0.01801152501189918
2018-10-04,-0.18936077535968937,-0.13922932703201085
2018-10-05,-0.19353847462555457,-0.14837822523610344
2018-10-06,0.0,0.32617928584416706
2018-10-07,-0.20437531338797676,7.903134381329572e-07
2018-10-08,-0.2093861174583435,-0.20476301312446593
2018-10-09,-0.10048860003208292,-0.03781132143119286
2018-10-10,-0.10689533343080615,-0.09662497629884814
2018-10-11,-0.18519454598426818,-0.19221770167350768
2018-10-12,-0.06936621804570042,-0.0811356479345366
2018-10-13,-0.11002244551976521,-0.009049660629696317
2018-10-14,-0.13940220850485344,0.03589899893160219
2018-10-15,-0.1434225398918678,-0.1251350579590633
2018-10-16,-0.08532587745610405,0.02406674185219933
2018-10-17,-0.11623606730151821,-0.07305806150307527
2018-10-18,-0.04145225683848063,-0.003294865290323893
2018-10-19,-0.12134531849906557,-0.1370072459417676
2018-10-20,0.0,0.2659384608268738
2018-10-21,-0.10474626976868202,-0.1376438880788869
2018-10-22,-0.06656712293624878,-0.058566824153617573
2018-10-23,-0.0042310537713946715,-0.08185000311244618
2018-10-24,-0.24387619574864705,-0.21093727032343546
2018-10-25,-0.03303827938524265,-0.010142124393611278
2018-10-26,-0.15948553775486193,-0.08056965731737907
2018-10-27,0.0,-0.49776491522789
2018-10-28,-0.06504708051681518,-0.03995134592056274
2018-10-29,-0.10967016355557875,-0.018006429527745102
2018-10-30,-0.07407302529581132,0.09314504650331312
2018-10-31,-0.12742892980575563,0.021478428840637206
2018-11-01,0.016837434092564368,-0.02559892455143715
2018-11-02,-0.03494261331477408,-0.1279033685134629
2018-11-03,-0.32448655118544895,-0.041646977265675865
2018-11-04,-0.09348039627075196,-0.19993102550506592
2018-11-05,-0.08939566877153185,-0.11121562178488131
2018-11-06,-0.17070744624213566,-0.06585414258260576
2018-11-07,0.046892898778120674,-0.121094544728597
2018-11-08,-0.1339823061160827,-0.013344376944424061
2018-11-09,-0.17671027727294386,-0.08730578631685491
2018-11-10,-0.332441767056783,-0.326899250348409
2018-11-11,-0.4588714948406926,-0.07407097463254575
2018-11-12,-0.12006288037008168,-0.14223675825157944
2018-11-13,-0.17669380422848374,-0.19211797927742574
2018-11-14,-0.16314259453399763,-0.15989013056497317
2018-11-15,-0.15088968983163004,-0.06383647996446361
2018-11-16,-0.12983355753951603,-0.01577060090170966
2018-11-17,0.0,0.003256499767303467
2018-11-18,-0.22828135582116935,-0.14125171762246352
2018-11-19,-0.07338658571243287,-0.08235292211174965
2018-11-20,-0.16109431434322047,-0.11790304651131502
2018-11-21,-0.11535945329172857,-0.07584534534092607
2018-11-22,-0.22741593580979566,-0.1233176038815425
2018-11-23,-0.22454112129552023,-0.20313204718487604
2018-11-24,0.005775243043899536,0.29750415682792664
2018-11-25,0.06460169330239296,-0.05973479151725769
2018-11-26,0.020731902548245022,-0.04280734700816018
2018-11-27,-0.117293167604159,-0.15024862142458353
2018-11-28,-0.24272972558225905,-0.054690120475632806
2018-11-29,-0.15799487107678464,-0.07066077699786738
2018-11-30,-0.08693046187177117,-0.1699026881912608
2018-12-01,-0.059512657996935725,-0.00123745967180301
2018-12-02,0.03237854350696911,-0.20370003310116855
2018-12-03,-0.04453451553980509,-0.06955844799677531
2018-12-04,-0.20209648460149765,-0.23413339927792548
2018-12-05,-0.1367753790570544,-0.08900327574123036
2018-12-06,-0.14126682307867877,-0.11506599557083265
2018-12-07,-0.1880219787746281,-0.24306058883666992
2018-12-08,-0.24999238550662994,-0.2642441466450691
2018-12-09,-0.18329921577657973,-0.10704230836459569
2018-12-10,-0.19262103363871574,-0.13637617602944374
2018-12-11,-0.21812929778263487,-0.1972899498610661
2018-12-12,-0.06793407301108043,-0.13983072539170582
2018-12-13,-0.16220674594243367,-0.2652238114674886
2018-12-14,0.01281828611669406,-0.13722822447897684
2018-12-15,0.0,0.4680039584636688
2018-12-16,-0.19420192307896084,-0.043225867880715266
2018-12-17,-0.2282934909866702,-0.14534703570027505
2018-12-18,-0.2987745208282993,-0.17662269611881204
2018-12-19,-0.13357028292446602,-0.20776611421166397
2018-12-20,-0.028820441429873545,-0.05710028596671231
2018-12-21,-0.20015384101155978,-0.20118671744617064
2018-12-22,0.16917736331621805,0.2222221162584093
2018-12-23,-0.12086007101782437,-0.03448270518204261
2018-12-24,-0.40680232800935445,-0.47176932661156906
2018-12-25,-0.11621801440532391,0.02040145030388465
2018-12-26,-0.056383897428927215,0.006135160508363143
2018-12-27,-0.043798046267550926,-0.02874076107273931
2018-12-28,-0.08510520912352063,-0.18727308085986547
2018-12-29,0.0,0.0
2018-12-30,-0.2586925411224365,0.11990252733230591
2018-12-31,0.0002954522768656413,-0.43703246911366783
2019-01-01,-0.20223249743382135,-0.06005230297644933
2019-01-02,-0.2580007152123885,-0.13603041117841547
2019-01-03,-0.3992292656088775,-0.2764014837876806
2019-01-04,-0.027962913638667056,-0.056682397399032323
2019-01-05,-0.280876100063324,-0.3253389000892639
2019-01-06,-0.15153057486922653,-0.10880163201579342
2019-01-07,-0.05491108873060772,-0.027407140604087284
2019-01-08,0.012648090373638064,-0.048373602157415346
2019-01-09,-0.12727131149662074,-0.033969564224357034
2019-01-10,-0.12454505177105174,-0.15094826618830362
2019-01-11,-0.13208007545613532,-0.15110277328918229
2019-01-12,0.053418258825937905,0.008716334899266561
2019-01-13,-0.18509681735719954,-0.16081026111330304
2019-01-14,-0.18863815163809156,-0.09416255875239296
2019-01-15,0.023790577015319427,-0.03230339598346066
2019-01-16,-0.10538302340977629,-0.12946047413517053
2019-01-17,-0.2304945238998958,-0.1596831100327628
2019-01-18,-0.2252797896371168,-0.07769379107391133
2019-01-19,-0.0951833746262959,-0.0355888307094574
2019-01-20,-0.03294538458188375,0.007853349049886068
2019-01-21,-0.2075092519743968,-0.2531245067968207
2019-01-22,-0.051635376044682095,-0.09129572695209867
2019-01-23,-0.020164850921857925,-0.07152873632453736
2019-01-24,-0.0381390893900836,-0.11846941047244602
2019-01-25,-0.034452641933736664,-0.08849347519202971
2019-01-26,-0.08623258363116872,0.0
2019-01-27,-0.32838036837401213,-0.07393349983074048
2019-01-28,-0.19697663187980652,-0.14671345644218978
2019-01-29,-0.21388493643866646,-0.1901068381137318
2019-01-30,-0.10226249322295189,-0.06139070209529665
2019-01-31,-0.051916303379195075,-0.08065501547285489
2019-02-01,-0.00957360721769787,0.015074814122820657
2019-02-02,0.0,-0.32853927214940387
2019-02-03,-0.11080250144004822,6.231394681063566e-07
2019-02-04,-0.14303093885674195,-0.015002537299604976
2019-02-05,-0.09411299316322103,-0.05245463024167454
2019-02-06,-0.03671072223293247,0.15380798524885037
2019-02-07,-0.2837528025820142,-0.13926489509287335
2019-02-08,-0.0946605660413441,-0.15245773917750308
2019-02-09,-0.17873483538627624,-0.11874153375625611
2019-02-10,-0.329790817366706,-0.11109748151567247
2019-02-11,-0.15032001036518025,-0.0037601927541336924
2019-02-12,-0.11642886541391674,-0.20023657616816068
2019-02-13,0.05672335557723313,-0.022451836071657332
2019-02-14,-0.1897982733194218,-0.23563838836758635
2019-02-15,-0.05285757382710775,-0.04442981402079264
2019-02-16,0.0,0.0
2019-02-17,-0.11033113135231866,-0.10104237883179276
2019-02-18,-0.06468087595862311,-0.09055658288904138
2019-02-19,-0.07770023196935653,-0.09795872271060943
2019-02-20,-0.15283410230153044,-0.09702683334619226
2019-02-21,-0.21332971622914443,-0.22840595613291234
2019-02-22,-0.08115788264708086,-0.07816383188421076
2019-02-23,0.031675879444394796,-0.03239678485052926
2019-02-24,-0.12826644109957147,0.08920674071167455
2019-02-25,-0.10860506693522136,-0.14829432715972266
2019-02-26,-0.071864188410515,-0.12290476227915564
2019-02-27,-0.039617821767732694,0.02643149471902228
2019-02-28,-0.13624516740823403,-0.1629450642145597
2019-03-01,-0.17695994654746905,-0.20350681469865042
2019-03-02,0.0,2.8898318608601887e-05
2019-03-03,-0.07795088431414436,0.05866812257205739
2019-03-04,-0.13787236105312,-0.10742996497587724
2019-03-05,-0.14944130258682448,-0.1353109578291575
2019-03-06,-0.08094086620833847,-0.055587017274164895
2019-03-07,-0.09350853117685469,-0.14168762214600095
2019-03-08,-0.26145151201284156,-0.3116696195782356
2019-03-09,-0.18707527168865862,-0.034406600327327334
2019-03-10,-0.07094002621514457,0.0008227186543600899
2019-03-11,-0.05755073245209042,-0.1763338535138876
2019-03-12,-0.12288170422498997,-0.12898104752485567
2019-03-13,-0.12392808071204595,-0.23334525099822453
2019-03-14,-0.0795066512633707,-0.1733630884473569
2019-03-15,-0.1138865848382314,-0.16131388743718464
2019-03-16,-0.14591847822583956,0.03269880804522284
2019-03-17,-0.03149840706273129,-0.12703806789297806
2019-03-18,-0.13068589610113224,-0.0191765889315538
2019-03-19,-0.12771525222863725,-0.16419616475034116
2019-03-20,-0.05585731347886527,-0.19152999396731213
2019-03-21,-0.08564905408355925,-0.21867692636118996
2019-03-22,-0.037670153776804605,-0.1439242696762085
2019-03-23,0.0,-0.24600855261087418
2019-03-24,-0.284040792630269,-0.10154993946735676
2019-03-25,-0.11338732753481184,-0.18390636699540275
2019-03-26,-0.030334473383135913,-0.01891880282541601
2019-03-27,-0.16590526280268816,-0.16094353837026676
2019-03-28,-0.1733635865353249,-0.15601298535192334
2019-03-29,-0.06686165583306465,-0.0879758155864218
2019-03-30,-0.16442051529884338,-0.16397173206011453
2019-03-31,-0.03238879357065473,-0.048061570950916836
2019-04-01,-0.06387957257609214,-0.13390018382380087
2019-04-02,-0.15206096517412285,-0.11365546207678945
2019-04-03,-0.06853574865004596,-0.06902318281285903
2019-04-04,-0.06534951105713845,-0.12322485148906707
2019-04-05,-0.023247961677722077,-0.1761584175166799
2019-04-06,-0.22222105662027994,-0.10822732581032647
2019-04-07,-0.07229822489523119,-0.06445442668853267
2019-04-08,-0.13574571454006693,-0.08128586713818536
2019-04-09,-0.1078962781761266,-0.12377989518491528
2019-04-10,-0.029123744176280116,-0.08387338442187156
2019-04-11,-0.06359721546949343,-0.07881026559097823
2019-04-12,-0.018029270375647197,0.03540837692051399
2019-04-13,-0.3644820668480613,-0.3913149020888589
2019-04-14,-0.06433685483603642,-0.07584952280439179
2019-04-15,-0.05883679761515035,-0.15587856939860753
2019-04-16,0.006908516471202557,-0.08968914357515481
2019-04-17,0.046544895871825843,-0.03448194071002628
2019-04-18,0.05686545410217383,0.07067561760926858
2019-04-19,-0.157264556735754,-0.36393803730607033
2019-04-20,0.04350036382675171,-0.04318531958953194
2019-04-21,-0.9424986243247986,-0.9989703893661499
2019-04-22,-0.030255992896854877,-0.07259886432439089
2019-04-23,0.012109736601511637,-0.07971391545401679
2019-04-24,-0.07017483662914585,-0.07175191270338523
2019-04-25,-0.06294358372688294,-0.0871297107802497
2019-04-26,-0.11913806522214734,-0.13781828815872604
2019-04-27,-0.1991703748703003,-0.002558255195617676
2019-04-28,-0.2507184777941023,-0.14207075323377336
2019-04-29,-0.059359735611713295,0.050254219409191246
2019-04-30,0.009096793475605193,0.10606230937299274
2019-05-01,0.008078186369653958,-0.05137504303633277
2019-05-02,-0.07432816799949198,-0.0652494935428395
2019-05-03,-0.03130808701881996,0.056549714161799505
2019-05-04,-0.14169343754097266,0.015160024166107178
2019-05-05,-0.43233007192611694,-0.4995983574125502
2019-05-06,-0.12405346924403929,-0.028954197775642825
2019-05-07,-0.09681445042292278,-0.0475857679049174
2019-05-08,-0.10600036068966515,-0.11051626268186067
2019-05-09,-0.17812465110295256,-0.06904605828540426
2019-05-10,-0.07355602762915871,-0.07025518260820947
2019-05-11,-0.17037275859287807,-0.1413803803069251
2019-05-12,-0.09481550114495414,-0.0021094254084995817
2019-05-13,-0.14568124729044296,-0.1944928632063024
2019-05-14,-0.20557540766894816,-0.16568248271942138
2019-05-15,-0.10533091578728114,-0.1393296603973095
2019-05-16,-0.14533248340541666,-0.019245777956464073
2019-05-17,-0.29637775977452596,-0.22537454684575398
2019-05-18,-0.11877625435590744,-0.2498312145471573
2019-05-19,-0.21182769796122675,0.022778915322345238
2019-05-20,-0.1086291778283041,-0.24181383261915113
2019-05-21,-0.18055442098068863,-0.19966386197364494
2019-05-22,-0.15115933299064635,-0.19178285121917724
2019-05-23,-0.15953639494745356,-0.1167250859109979
2019-05-24,-0.15542178750038146,-0.15028369824091595
2019-05-25,-0.11323998066095206,-0.03716245752114516
2019-05-26,-0.1560066270828247,-0.11739665031433105
2019-05-27,0.1033718647627995,0.01955643810074905
2019-05-28,0.012339233110348383,-0.03862578049302101
2019-05-29,-0.18164005106495273,-0.07949946484258098
2019-05-30,-0.18312946594122684,-0.13460518013347278
2019-05-31,-0.1797804394736886,-0.181132054887712
2019-06-01,0.0008328216416495186,-0.06075294528688703
2019-06-02,-0.21539346284644548,-0.06816289175388425
2019-06-03,-0.12609262930022347,-0.16804328395260704
2019-06-04,-0.17544274286526004,-0.17142773183380686
2019-06-05,-0.14009123784239574,-0.03763957177439044
2019-06-06,-0.07474809230827703,-0.061137697318705116
2019-06-07,-0.24535456384931292,-0.10567904710769653
2019-06-08,-0.0029351185349857107,-0.18023223736706903
2019-06-09,-0.10443518161773682,-0.045697732766469316
2019-06-10,-0.08922209299128989,-0.05826769358869912
2019-06-11,-0.10033638054324735,-0.08656352566134545
2019-06-12,-0.08557290236155192,-0.14070826927820843
2019-06-13,-0.03225130105719847,-0.054460194180993474
2019-06-14,-0.1077421600701379,-0.06044488168153606
2019-06-15,-0.2330850511789322,-0.8514599278569221
2019-06-16,-0.4837592552448141,-0.10792116050062509
2019-06-17,-0.02150257480771918,-0.22353001644736842
2019-06-18,-0.0411274370394255,0.021876987344340276
2019-06-19,-0.02867237494346943,-0.12490445755897685
2019-06-20,-0.06749420585455718,-0.009992874330944486
2019-06-21,-0.09089052582543994,-0.034507721189468626
2019-06-22,0.0,-0.22522713456835067
2019-06-23,-0.050739422992423726,-0.016480121347639296
2019-06-24,-0.22783716917037963,-0.17334298292795816
2019-06-25,-0.08804316305723346,-0.23709837823617655
2019-06-26,-0.16793776800235113,-0.11590609451134999
2019-06-27,-0.07321714935168414,-0.1396485256477141
2019-06-28,0.02781204416834075,-0.06427211185981488
2019-06-29,-0.10006841329427865,-0.06391559808682172
2019-06-30,0.0003389368454615275,0.03731227914492289
2019-07-01,-0.17797384524749496,-0.09239519349599289
2019-07-02,-0.08053618762642145,-0.11153987422585487
2019-07-03,-0.04523706309338833,-0.036789976535959446
2019-07-04,-0.09928174316883087,-0.06321742981672288
2019-07-05,-0.08901128465054083,-0.0802691146439197
2019-07-06,0.33333321412404376,0.33333249886830646
2019-07-07,0.03472399711608887,0.0038871086876967856
2019-07-08,-0.1336012456033911,-0.1280595830508641
2019-07-09,-0.18945144645629391,-0.1103676970927946
2019-07-10,-0.08693380109847539,-0.03473527753163898
2019-07-11,0.013501564661661783,0.025592751304308572
2019-07-12,-0.14642639256812431,-0.17878041235176292
2019-07-13,-0.1052910414609042,-0.08895354108376936
2019-07-14,-0.12269766628742218,-0.35807856172323227
2019-07-15,-0.12493930467918737,-0.10577479672076097
2019-07-16,-0.04793004443248113,-0.022023533781369526
2019-07-17,-0.1963606894016266,-0.15467384576797485
2019-07-18,-0.060935999266803265,-0.01789567992091179
2019-07-19,-0.18340766315276807,-0.08584281114431527
2019-07-20,-0.23341956734657288,-0.24999886751174927
2019-07-21,0.0,-0.8990861773490906
2019-07-22,0.05462045669555664,0.029655600677837023
2019-07-23,0.01223924343402569,0.12284609446158776
2019-07-24,-0.1123210403227037,-0.13652648848872032
2019-07-25,-0.1393761540001089,-0.017302776602181522
2019-07-26,-0.04732204094911233,-0.023122237278864935
2019-07-27,-0.19720061540603637,-0.07803351402282716
2019-07-28,0.0673341129137122,0.04341509808664736
2019-07-29,0.03804597101713482,-0.10109205099574306
2019-07-30,-0.22666789323855668,-0.13020519148080778
2019-07-31,-0.15539498590841527,-0.16800882322032276
2019-08-01,-0.1581956553009321,-0.05488380114987211
2019-08-02,-0.24585397243499757,-0.2712108302116394
2019-08-03,-0.07384670468477103,-0.07684040986574613
2019-08-04,0.116116321512631,-0.022541872092655728
2019-08-05,-0.16861927416175604,-0.08183167967945337
2019-08-06,-0.15470624739123928,-0.0912535632810285
2019-08-07,0.012732179232046639,0.04482715902194171
2019-08-08,-0.04469339152177175,-0.09744731386502584
2019-08-09,-0.17814216861185037,-0.25629437082218676
2019-08-10,-0.3333190282185872,-0.3333328167597453
2019-08-11,-0.27060648586068836,-0.14216163328715734
2019-08-12,-0.11375152175106219,-0.06020805728969289
2019-08-13,-0.11492642164230346,-0.0625455876191457
2019-08-14,-0.05944518844286601,-0.1407530258099238
2019-08-15,-0.1115660207612174,-0.1308066827910287
2019-08-16,-0.13161643112407012,-0.09786595842417549
2019-08-17,-0.22057941004082007,-0.09225433623349225
2019-08-18,0.0,0.0
2019-08-19,-0.23781440698582193,-0.21663595930389737
2019-08-20,-0.16700250085662394,-0.09911252996500801
2019-08-21,-0.11962975194488747,-0.2083554000094317
2019-08-22,-0.16338540258861722,-0.20961069493066697
2019-08-23,-0.2341958438711507,-0.142008547272001
2019-08-24,-0.19817626476287842,-0.16330478191375733
2019-08-25,-0.22552947657448905,-0.08042991842542375
2019-08-26,-0.1261730549427179,0.0141401646228937
2019-08-27,-0.2517983081625469,-0.13108503017852555
2019-08-28,-0.08692082049141467,-0.04745487218171778
2019-08-29,-0.06175209375528189,-0.023911741146674523
2019-08-30,-0.17457711073889662,-0.17148588842420437
2019-08-31,-0.2885783066352208,-0.08330616603295009
2019-09-01,-0.04335721161054528,0.043478260869565216
2019-09-02,-0.057458802064259844,0.013005628850724963
2019-09-03,-0.2932744973995646,-0.1854073551834607
2019-09-04,-0.2624938603657395,-0.09492255146823712
2019-09-05,0.014209483646684222,0.04725184208816952
2019-09-06,-0.155179671172438,0.0942641887171515
2019-09-07,-0.24449729442596435,-0.11761071681976318
2019-09-08,-0.441021849711736,9.914239247639975e-06
2019-09-09,-0.029547103426673195,-0.1327240647691669
2019-09-10,-0.24086799183670354,-0.17346692328550378
2019-09-11,-0.24434871371112651,-0.15087936885321318
2019-09-12,-0.1374579256883374,-0.13908524369751965
2019-09-13,-0.0009726112888705346,-0.2066898711266056
2019-09-14,0.0072737932205200195,-0.03570170487676348
2019-09-15,-0.10429341542093377,-0.05332694712438082
2019-09-16,-0.05947204297635614,-0.19095348875697066
2019-09-17,-0.17372412264347076,-0.2622538107633591
2019-09-18,-0.09589879416130684,-0.16081893846795364
2019-09-19,-0.10215208424797541,-0.01970278990419605
2019-09-20,-0.17438744658078903,-0.1665052565244528
2019-09-21,-0.4995877593755722,-0.24998590350151062
2019-09-22,-0.12164707920130562,-0.05483941120259902
2019-09-23,-0.15907392760769265,-0.1541843306822855
2019-09-24,-0.21596385704146492,-0.19001544647746615
2019-09-25,-0.11489414309596156,-0.09008459303830121
2019-09-26,-0.08996342772092575,-0.11018172059303676
2019-09-27,-0.1244748774412516,-0.11483854860872836
2019-09-28,-0.14847136974334718,-0.07884331464767456
2019-09-29,-0.37008269407131056,-0.10759714576933119
2019-09-30,-0.054794727728284635,-0.1573780908666808
2019-10-01,-0.24026262667030096,-0.25228518806397915
2019-10-02,-0.23428908116380934,-0.17449539396124827
2019-10-03,-0.12246992061664531,-0.12879011770347495
2019-10-04,-0.1729584425242979,-0.15012579889439825
2019-10-05,-0.2357509732246399,-0.2497548758983612
2019-10-06,-0.1985574116309484,-0.03882123281558355
2019-10-07,-0.2718913174337811,-0.09143585463364919
2019-10-08,-0.15488902867679866,-0.20716896275399435
2019-10-09,-0.09684480569864574,-0.25185309272063405
2019-10-10,-0.07772540973453987,-0.0670946429415447
2019-10-11,-0.045414766933344584,-0.13287615625164176
2019-10-12,-0.12302109828362098,-0.18117740750312805
2019-10-13,-0.12955039739608765,-0.0005767786944354022
2019-10-14,-0.05811720447880881,-0.14432100632361003
2019-10-15,-0.045520370587324485,0.023258779293451555
2019-10-16,-0.23013005143887288,-0.05677090867145641
2019-10-17,-0.1877773956016258,-0.03868694989769547
2019-10-18,-0.16347073373340426,-0.19965400298436484
2019-10-19,0.00024325317806667753,0.10789973205990261
2019-10-20,-0.20785019546747208,-0.0894305557012558
2019-10-21,-0.13474872012933095,-0.06343660354614258
2019-10-22,-0.15017126003901163,-0.1079891515083802
2019-10-23,-0.16890406012535095,-0.13150211731592815
2019-10-24,-0.03861139771304553,0.005766189551051659
2019-10-25,-0.1636009445024091,-0.10461209956989732
2019-10-26,-0.16666611035664877,-0.16369579235712686
2019-10-27,-0.05705781068120684,0.06837380996772222
2019-10-28,-0.034291036848752,-0.11468207161381559
2019-10-29,-0.12069608677517284,-0.08899626609953967
2019-10-30,-0.12032486511780335,-0.1536716442924362
2019-10-31,-0.044143467652993124,0.004928878096283459
2019-11-01,-0.0650149405002594,-0.042569575309753416
2019-11-02,-0.12753254175186157,-0.14271750620433263
2019-11-03,-0.11617631592401644,-0.013996650532978336
2019-11-04,-0.08644336607398057,-0.010664304582084097
2019-11-05,-0.0707652001495821,-0.13883241472474064
2019-11-06,-0.029636615782641294,-0.11383187034156884
2019-11-07,-0.031358884997887186,-0.06659460244792523
2019-11-08,-0.05763219008522649,-0.09622937729281764
2019-11-09,0.26745636264483136,-0.14034967621167502
2019-11-10,-0.18040316150738642,-0.037832292226644665
2019-11-11,-0.08548803943576234,0.029606845342751705
2019-11-12,-0.17856932490591018,-0.1830348325154138
2019-11-13,-0.127587099870046,-0.0848503170474883
2019-11-14,-0.041950471307102,0.03426152310873333
2019-11-15,-0.033737475221807305,-0.07490741974347598
2019-11-16,0.24999776482582092,0.2437094748020172
2019-11-17,-0.0855737050374349,0.0
2019-11-18,-0.1892036086396326,-0.05236217568192301
2019-11-19,-0.16260506312052408,-0.1078075377146403
2019-11-20,-0.06914361586441865,-0.11514822856799976
2019-11-21,-0.22133671784702735,-0.1218060700199272
2019-11-22,-0.13643540938695273,-0.07077537775039673
2019-11-23,-0.19975534677505494,4.402995109558106e-05
2019-11-24,-0.039394126784416936,-0.03161304804586595
2019-11-25,0.010382595989439223,0.02645603319009145
2019-11-26,-0.07820618060918955,-0.08749375801820021
2019-11-27,0.09746354411948811,0.23374653675339438
2019-11-28,-0.10194621214995513,-0.05067466561858718
2019-11-29,-0.12191207631159637,-0.18756167565361928
2019-11-30,0.19999995231628417,-0.0971490502357483
2019-12-01,-0.009879039393530952,0.0006256898244222006
2019-12-02,-0.10469620869709895,-0.11435734767180222
2019-12-03,-0.17460545462169005,-0.2117287710811315
2019-12-04,-0.2317882206510095,-0.15714767312302308
2019-12-05,-0.31033705020773,-0.1220418759461107
2019-12-06,0.25546166680075905,0.06502049186012962
2019-12-07,0.1917308270931244,0.1274053633213043
2019-12-08,-0.021309249541338754,0.058530916185940016
2019-12-09,-0.23923804586933506,-0.1507785781737297
2019-12-10,-0.20818541787172617,-0.13059198385790774
2019-12-11,-0.06694091359774272,-0.04687075966443771
2019-12-12,-0.08321809423142586,-0.06529177012650864
2019-12-13,-0.05202798162187849,-0.03259610959461757
2019-12-14,0.11146186249596732,-0.06004735231399536
2019-12-15,-0.0906110785224221,0.025787965817884964
2019-12-16,-0.14234750213161593,0.04206302906236341
2019-12-17,-0.11220566757389756,-0.12787656803600123
2019-12-18,-0.07777132795137517,-0.05193573674734901
2019-12-19,-0.021969268450865876,-0.0311503776827374
2019-12-20,-0.1082426489345611,0.01848688768962073
2019-12-21,-0.2824642016337468,-0.3316960013829745
2019-12-22,-0.09460748269640167,0.0011298224843781569
2019-12-23,0.01177876591682434,0.004175006259571422
2019-12-24,-0.2656034843789207,-0.14469791452089945
2019-12-25,0.0,0.1609772245089213
2019-12-26,0.07262194478833997,0.055370504791672166
2019-12-27,0.06619841655095418,-0.21824811697006224
2019-12-28,-0.1638662314414978,0.0
2019-12-29,0.0,0.0
2019-12-30,-0.09454163163900375,-0.11736785024404525
2019-12-31,-0.017125884691874187,-0.04169847801619885
2020-01-01,-0.33617246747016905,-0.11594489812850953
2020-01-02,0.14841585273438312,-0.0488562063967928
2020-01-03,-0.11922145967787885,-0.12706967363966273
2020-01-04,-0.06494514147440593,-0.4136697186364068
2020-01-05,-0.3216409703780865,-0.06904377402930424
2020-01-06,-0.07287362151675754,-0.06961176925235324
2020-01-07,-0.22962136053648152,-0.06703755308370121
2020-01-08,-0.17608234000532594,-0.16704486902445964
2020-01-09,-0.07032538188828362,-0.001400895251168145
2020-01-10,-0.1522887827920132,-0.09847707826583112
2020-01-11,-0.2598067193195738,-0.04464470929112928
2020-01-12,-0.07970703641573589,-0.16361932953198752
2020-01-13,-0.042812247077624,-0.09897455175717672
2020-01-14,-0.0779001582628009,-0.036642233530680336
2020-01-15,-0.01843470489823973,0.009481262851071048
2020-01-16,-0.09058086050523294,-0.0029214942777479017
2020-01-17,-0.02887566817008843,-0.054775664361856755
2020-01-18,-0.12456503510475159,-0.15883238116900125
2020-01-19,-0.021201159556706747,-0.03335422476132711
2020-01-20,-0.22910129882040478,-0.06697221455119905
2020-01-21,-0.0881038874755671,-0.05193608999252319
2020-01-22,-0.0990604551711885,-0.14356001326353243
2020-01-23,0.012419535054100884,-0.016282511346134138
2020-01-24,-0.12982630942549025,-0.12466946989297867
2020-01-25,-0.17437987724939982,0.0178767055273056
2020-01-26,-0.26299011478057277,-0.03836552225626432
2020-01-27,-0.13797048984035368,-0.19513919468848936
2020-01-28,-0.1957858538343793,-0.20374217203685216
2020-01-29,-0.19216666472585578,-0.15018061023009452
2020-01-30,-0.2982529744957433,-0.17827131952902284
2020-01-31,-0.2633083743207595,-0.2848862263501859
2020-02-01,-0.3331864873568217,-0.499003787835439
2020-02-02,-0.1409115195274353,-0.18985756900575426
2020-02-03,-0.22616485699459357,-0.13758741429558508
2020-02-04,-0.0792580252826804,-0.1323994539751865
2020-02-05,-0.057094371938086176,-0.027224949428013394
2020-02-06,-0.005416790870102969,0.09360893070697784
2020-02-07,-0.121107531445367,-0.23143072852066585
2020-02-08,0.2820108788354056,-0.225776663848332
2020-02-09,-0.24456874461009584,-0.0719715007420244
2020-02-10,-0.09007272628637461,-0.12329435990406917
2020-02-11,-0.08965390258365208,-0.07268581704960929
2020-02-12,-0.062039004750998626,-0.10596462904688823
2020-02-13,-0.1266644858732456,-0.17192369045280828
2020-02-14,-0.111451319746069,-0.21399867051356547
2020-02-15,0.0,-0.2564212600390116
2020-02-16,-0.10149133747274225,-0.04719131101261486
2020-02-17,-0.1489615625805325,-0.04288333389494154
2020-02-18,-0.1509956968948245,-0.18262644112110138
2020-02-19,-0.0442647515837826,-0.014344659314226748
2020-02-20,-0.053181660586390005,-0.06429557142586544
2020-02-21,-0.10036018567207532,-0.20779429032252386
2020-02-22,-0.16839256797518048,-0.1335168855530875
2020-02-23,0.17530518770217896,-0.40237225805010113
2020-02-24,-0.10303377111752827,-0.12123066352473365
2020-02-25,-0.1444810193318587,-0.16028501781133506
2020-02-26,-0.14416220220359596,-0.16984047680287748
2020-02-27,-0.23729902031746777,-0.2544884830713272
2020-02-28,-0.2301165106591214,-0.27397424987192903
2020-02-29,-0.3375591731071472,-0.03693968534469604
2020-03-01,-0.03896563450495402,-0.19258604248364766
2020-03-02,-0.022281121671869512,-0.14708206559834855
2020-03-03,-0.11228834493185884,-0.20497840995429664
2020-03-04,-0.0588101435984884,0.06955361579145704
2020-03-05,-0.2734896106024583,-0.21035068978865942
2020-03-06,-0.1708284390782847,-0.2121720418189336
2020-03-07,-0.03456778275339227,-0.18770652068288704
2020-03-08,-0.30719621795596497,-0.12589710408991034
2020-03-09,-0.28924014041950175,-0.32082472064278345
2020-03-10,-0.16040192930786698,-0.14888232008174615
2020-03-11,-0.19784011735635645,-0.23072986801465353
2020-03-12,-0.25868332605612904,-0.3245674428186919
2020-03-13,-0.17432713909309452,-0.24172458227942972
2020-03-14,-0.08348597231365386,-0.40756092468897503
2020-03-15,-0.27040578193134734,-0.22528234190411037
2020-03-16,-0.1985132924972042,-0.30793266719387424
2020-03-17,-0.30526071621312034,-0.2825623723781771
2020-03-18,-0.28367169769768863,-0.314846703686665
2020-03-19,-0.17541861444890142,-0.2011151196000105
2020-03-20,-0.16307689108117654,-0.3416946591251958
2020-03-21,-0.17202609777450562,-0.41301089856359696
2020-03-22,-0.1871133603155613,-0.010229003429412842
2020-03-23,-0.2432211737766444,-0.21864990096225917
2020-03-24,-0.20240748505438527,-0.24853815058226225
2020-03-25,-0.18765501779259988,-0.14216633618456645
2020-03-26,-0.11566095067820417,-0.1500523106767497
2020-03-27,-0.20693591237068176,-0.1665941143439988
2020-03-28,-0.013759307563304901,-0.2496160790324211
2020-03-29,-0.1425691040662619,-0.03846133213776808
2020-03-30,-0.1616531105602489,-0.2817223072052002
2020-03-31,-0.17324654978734474,-0.2347729018440953
2020-04-01,-0.2666190243684329,-0.14632777602244645
2020-04-02,-0.17989053928627158,-0.3149299705928227
2020-04-03,-0.22403285841443646,-0.260543850820456
2020-04-04,-0.26223931908607484,-0.2603921115398407
2020-04-05,-0.3378759239401136,-0.16698318719863892
2020-04-06,-0.2544159140135791,-0.1610566393749134
2020-04-07,-0.20155810500894275,-0.30320836901664733
2020-04-08,-0.20025410503149033,-0.12439319902452929
2020-04-09,-0.09087800635741307,-0.2252419854585941
2020-04-10,-0.0775935309273856,-0.21079434667314803
2020-04-11,-0.28201596198543427,-0.026483528075679656
2020-04-12,-0.030491891503334045,-0.1541515201330185
2020-04-13,-0.31464963104273824,-0.2591161413772686
2020-04-14,-0.03835166065316451,-0.3388771038306387
2020-04-15,-0.15535224185270421,-0.1912286752412299
2020-04-16,-0.14070860879255995,-0.13799567269806814
2020-04-17,-0.12262302974485001,-0.2123415099000031
2020-04-18,-0.2461637184023857,-0.11741441488265991
2020-04-19,-0.3127757975688347,3.984341254601111e-06
2020-04-20,-0.192829062173396,-0.2000405626532472
2020-04-21,-0.19832152231879857,-0.29834861340730084
2020-04-22,-0.14017721941304762,-0.23904605105865834
2020-04-23,-0.29213722715986534,-0.21437980012690766
2020-04-24,-0.10271234057613254,-0.21291242063659982
2020-04-25,-0.08021361629168193,-0.17042836050192514
2020-04-26,-0.24804142405909876,-0.06451304689530403
2020-04-27,-0.0828327091646866,-0.19770671784038274
2020-04-28,-0.06837373352670051,-0.25558277616253144
2020-04-29,-0.1792977129647491,-0.12356646399979197
2020-04-30,-0.23325098488065932,-0.19140461948182846
2020-05-01,-0.3457608123620351,-0.278164537747701
2020-05-02,-0.14179512085738005,-0.07378125632250751
2020-05-03,0.0027984347608354357,-0.05522314873006609
2020-05-04,-0.19307498326377262,-0.16874484788803829
2020-05-05,-0.13046467549180332,-0.19700673345017106
2020-05-06,-0.01833862670953723,0.04574615972629492
2020-05-07,-0.05061392158996768,-0.19003011686045948
2020-05-08,-0.21054485684535543,-0.11550028500009756
2020-05-09,-0.19836585223674774,-0.013829752802848816
2020-05-10,-0.1592946665627616,-0.13987473590033395
2020-05-11,-0.15801543531133166,-0.16587859703533686
2020-05-12,-0.1976078115822224,-0.13769676444235812
2020-05-13,-0.2501693062293224,-0.24583585904194757
2020-05-14,-0.20635200809029972,-0.14964328232933494
2020-05-15,-0.2445623460462538,-0.19057641898171376
2020-05-16,0.18170526894656094,-0.4243290424346924
2020-05-17,-0.23304339817592076,-0.10492036385195595
2020-05-18,0.0056687188598344915,-0.11561166565373258
2020-05-19,-0.08227698091699295,-0.10604502072855204
2020-05-20,-0.2042725442386255,-0.08507277689329008
2020-05-21,-0.09266776828975468,-0.08870814789782513
2020-05-22,-0.18513223573343077,-0.1656534333727253
2020-05-23,-0.12470750510692596,-0.6231758445501328
2020-05-24,-0.1358901927104363,-0.07678052095266488
2020-05-25,0.0902557142756202,0.05093297226862474
2020-05-26,-0.0270174450200537,-0.1470031368991603
2020-05-27,-0.012881354207084292,-0.14006710797548294
2020-05-28,-0.1306188654124252,-0.12585330881723544
2020-05-29,-0.03810350920843041,-0.16825877842695816
2020-05-30,-0.16972412492917932,-0.0020152900529944377
2020-05-31,-0.08301439384619395,-0.08236453930536906
2020-06-01,-0.13921794757037095,-0.1820513194715473
2020-06-02,-0.025295701466108624,-0.08010538706653997
2020-06-03,-0.10581678616536128,-0.17246352619939037
2020-06-04,-0.08260736064376117,-0.1123530914850324
2020-06-05,-0.021861569275931705,-0.13113188932812403
2020-06-06,-0.1773734369448253,-0.09317593276500702
2020-06-07,0.009627780744007655,0.0
2020-06-08,-0.03772002538045247,-0.06105302651723226
2020-06-09,-0.27984428453066995,-0.22350836557055276
2020-06-10,-0.18476258785951705,-0.09493446846803029
2020-06-11,-0.23057313934787288,-0.1463522413274744
2020-06-12,-0.21679042908082524,-0.12622761295502444
2020-06-13,0.17514155308405557,-0.3332683841387431
2020-06-14,-0.08513485301624645,-0.08968389305201444
2020-06-15,-0.03830473805651253,-0.11569190981947346
2020-06-16,-0.011751072130341461,-0.010636108509008434
2020-06-17,-0.1489874146070825,-0.06630972925438938
2020-06-18,-0.18826619546804854,-0.1134193904364287
2020-06-19,-0.17193457438395573,-0.2017696050497202
2020-06-20,0.04588873278010975,0.0
2020-06-21,-0.12614119904381887,0.010531527655465263
2020-06-22,-0.10629117826825564,-0.07300270832690996
2020-06-23,-0.07429690252650868,-0.12101840585857243
2020-06-24,-0.2201304737028185,-0.2115300749684428
2020-06-25,-0.1333662148603459,-0.13237055306582107
2020-06-26,-0.11014388772574338,-0.11846087872982025
2020-06-27,-0.22752082155596826,-0.12237218503029115
2020-06-28,-0.19931955197278192,-0.05866292294333963
2020-06-29,-0.08817622336474332,-0.14198585454519694
2020-06-30,-0.20923991754369917,-0.21958959327553804
2020-07-01,-0.024986954650493585,-0.10548738518146554
2020-07-02,-0.054230958558200454,-0.12472458769766133
2020-07-03,0.050194808592398964,-0.06753039980928104
2020-07-04,-0.2734001080195109,-0.03305352396435208
2020-07-05,-0.13471568247367596,-0.0879027165215591
2020-07-06,-0.09405308800774652,-0.003416547904143462
2020-07-07,-0.11849133218272348,-0.14987802170635608
2020-07-08,-0.17848443482295576,-0.1864035115184554
2020-07-09,-0.23853781234984303,-0.16886556791324242
2020-07-10,-0.073308245635327,-0.05317171341107215
2020-07-11,0.0,0.22634274429745144
2020-07-12,-0.007903175107363996,0.02460511799516349
2020-07-13,-0.08214899525046349,-0.05504445359110832
2020-07-14,-0.117720889615583,-0.14837109344499605
2020-07-15,-0.012489104471286806,0.061825153707456185
2020-07-16,-0.16731852952357942,-0.14636624518748934
2020-07-17,-0.19407494109252404,-0.19033911413159862
2020-07-18,-0.23774936406508737,-0.04119179041489311
2020-08-25,0.0,-0.6457445621490479
2020-10-21,0.0,0.9262126684188843
2020-12-10,0.0,-0.9999756813049316
2021-05-06,0.0,0.0
2021-07-29,0.0,0.0
2021-08-06,0.0,0.0
2021-09-30,0.0,0.0
2021-12-15,0.0,-0.9844663143157959
2022-01-21,0.0,-0.9999785423278809
2022-02-01,0.0,-0.9991951584815979
2022-02-21,0.0,0.0
2022-02-22,0.0,-0.9954649806022644
2022-03-24,0.0,0.0
2022-04-24,0.0,0.0
2022-06-05,0.0,0.0
2022-06-07,0.0,0.0
2022-06-17,0.0,0.0
2022-06-23,0.0,0.0
2022-07-12,0.0,0.0
2022-07-14,0.0,0.0
2022-07-21,0.0,0.0
2022-07-26,0.0,0.0
2022-07-29,0.0,-0.9950181245803833
2022-08-11,0.0,0.0
2022-08-18,0.0,0.0
2022-08-22,0.0,0.0
2022-09-01,0.0,0.0
2022-09-02,0.0,0.0
2022-09-06,0.0,0.0
2022-09-12,0.0,0.0
2022-09-13,0.0,0.0
2022-10-04,0.0,-0.9998815059661865
2022-10-10,0.0,-0.9773368239402771
2022-10-12,0.0,0.0
2022-10-26,0.0,0.0
2022-11-09,0.0,0.0
2022-11-16,0.0,0.0
2022-11-20,0.0,0.999581515789032
2022-11-27,0.0,-0.9998672008514404
2022-11-30,0.0,0.0
2022-12-05,0.0,0.0
2022-12-07,0.0,0.0
2022-12-14,0.0,0.0
2022-12-15,0.0,0.0
2022-12-16,0.0,0.0
2022-12-19,0.0,-0.4999670386314392
2022-12-21,0.0,0.0
2023-01-05,0.0,0.0
2023-01-09,0.0,0.0
2023-01-11,0.0,0.0
2023-01-17,0.0,0.0
2023-01-18,0.0,0.0
2023-01-23,0.0,0.0
2023-01-24,0.0,0.0
2023-02-09,0.0,0.0
2023-02-10,0.0,0.0
2023-02-11,0.0,0.8920688033103943
2023-02-16,0.0,-0.5068627595901489
2023-02-21,0.0,0.0
2023-02-22,0.0,0.0
2023-03-02,0.0,0.0
2023-03-03,0.0,0.0
2023-03-07,0.0,0.999962329864502
2023-03-09,0.0,0.0
2023-03-22,0.0,0.0
2023-03-28,0.0,0.0
2023-04-06,0.0,-0.4961185157299042
2023-04-12,0.0,0.0
2023-04-14,0.0,-0.8412750363349915
2023-04-15,0.0,0.0
2023-04-21,0.0,0.0
2023-04-25,0.0,2.980232238769531e-07
2023-04-26,0.0,-1.235802968343099e-05
2023-04-28,0.0,-0.9175640344619751
2023-05-19,0.0,0.0
2023-05-23,0.0,-0.45635947585105896
2023-05-28,0.0,0.0
2023-05-31,0.0,-0.3137144049008687
2023-06-01,0.0,0.0
2023-06-07,0.0,0.0
2023-06-08,0.0,0.0
2023-06-15,0.0,-0.32425155242284137
2023-06-16,0.0,0.0
2023-06-18,0.0,0.0
2023-06-22,0.0,0.0
2023-06-23,0.0,0.0
2023-06-24,0.0,0.0
2023-06-26,0.0,0.0
2023-06-29,0.0,0.0
2023-07-01,0.0,0.0
2023-07-03,0.0,0.0
2023-07-07,0.0,0.0
2023-07-08,0.0,-0.8510215282440186
2023-07-10,0.0,-0.9998694658279419
2023-07-13,0.0,0.0
2023-07-14,0.0,0.0
2023-07-15,0.0,0.0
2023-07-17,0.0,0.0
2023-07-19,0.0,0.5
2023-07-20,0.0,0.0
2023-08-09,0.0,0.0
2023-08-18,0.0,0.0
2023-08-19,0.0,0.0
2023-08-28,0.0,0.0
2023-08-29,0.0,-0.949876606464386
2023-09-06,0.0,0.0
2023-09-08,0.0,0.0
2023-09-25,0.0,0.0
2023-09-29,0.0,0.0
2023-10-03,0.0,0.0
2023-10-05,0.0,-0.3333168427149455
2023-10-11,0.0,-0.31691107153892517
2023-10-13,0.0,0.0
2023-10-18,0.0,0.0
2023-10-19,0.0,0.0
2023-10-20,0.0,0.0
2023-10-24,0.0,0.0
2023-10-25,0.0,0.0
2023-10-31,0.0,0.0
2023-11-01,0.0,0.0
2023-11-02,0.0,0.0
2023-11-03,0.0,0.0
2023-11-11,0.0,0.0
2023-11-13,0.0,0.0
2023-11-20,0.0,0.9998350143432617
2023-11-26,0.0,-0.9585456848144531
2023-11-29,0.0,0.0
2023-11-30,0.0,0.0
2023-12-14,0.0,0.0
2023-12-15,0.0,0.0
2023-12-21,0.0,0.0
2023-12-22,0.0,0.0
2023-12-23,0.0,0.0
2023-12-26,-0.961199939250946,0.0
2023-12-27,-0.5392070055007935,0.39305617809295657
2023-12-28,0.0,-0.4945501983165741
2023-12-29,-0.30643199384212494,0.0
2023-12-30,0.0,0.0
2023-12-31,0.0,0.0
2024-01-01,0.0,0.0
2024-01-03,0.0,0.0
2024-01-05,0.0,0.0
2024-01-08,-0.9997686743736267,0.0
2024-01-09,0.0,0.0
2024-01-10,-0.24955859780311584,0.0
2024-01-11,0.0,0.0
2024-01-12,-0.9999964237213135,0.0
2024-01-13,0.0,0.0
2024-01-14,0.0,0.0
2024-01-15,0.0,0.0
2024-01-16,0.0,-0.2707245796918869
2024-01-17,-0.37024927884340286,0.0
2024-01-18,0.0,0.0
2024-01-19,0.0,0.0
2024-01-20,0.0,0.0
2024-01-21,0.0,0.0
2024-01-22,0.0,-0.4989599287509918
2024-01-23,-0.3872774004936218,0.0
2024-01-24,0.0,0.3686959981918335
2024-01-25,0.0,-0.6051627000172933
2024-01-26,-0.7745108604431152,0.0
2024-01-27,0.0,0.0
2024-01-28,0.0,0.0
2024-01-29,0.1948484182357788,0.0
2024-01-30,0.0,-0.49999940395355225
2024-01-31,0.0,0.0
2024-02-01,0.0,0.0
2024-02-02,-0.19968913793563842,0.0
2024-02-03,-0.9997645616531372,0.0
2024-02-04,0.0,0.0
2024-02-05,0.019748762249946594,0.0
2024-02-06,-0.4987664818763733,0.0
2024-02-07,0.0,0.0
2024-02-08,0.0002445429563522339,-0.24920882284641266
2024-02-09,0.0,0.0
2024-02-10,-0.46518945693969727,0.0
2024-02-11,0.0,0.0
2024-02-12,0.0,0.0
2024-02-15,0.03368031978607178,0.0
2024-02-16,0.0,0.0
2024-02-18,0.0,0.0
2024-02-19,0.0,0.9992586970329285
2024-02-20,0.0,0.0
2024-02-21,0.0,0.0
2024-02-22,0.0,0.0
2024-02-23,0.0,0.0
2024-02-24,0.0,0.0
2024-02-25,0.0,0.0
2024-02-26,-0.6567998727162679,0.0
2024-02-27,0.0,-0.32386817534764606
2024-02-28,0.0,0.0
2024-03-01,-0.9862478375434875,0.0
2024-03-03,0.0,0.0
2024-03-04,0.3333333333333333,0.0
2024-03-05,0.0,0.9997125267982483
2024-03-06,0.14278691155569895,0.0
2024-03-07,0.4999999403953552,0.0
2024-03-08,0.0,0.0
2024-03-09,0.0,0.0
2024-03-11,-0.4998963177204132,0.0
2024-03-12,0.0,0.0
2024-03-13,0.28050885200500486,-0.19999973773956298
2024-03-14,-0.3246813217798869,0.0
2024-03-15,-0.999992847442627,0.0
2024-03-16,-0.24973748624324799,0.2988845407962799
2024-03-17,0.0,0.0
2024-03-19,0.0,-0.3333125909169515
2024-03-20,0.0,0.0
2024-03-21,-0.1662509342034658,-0.16479394833246866
2024-03-22,0.39999985694885254,0.0
2024-03-23,0.0,0.0
2024-03-24,-0.1987236499786377,0.0
2024-03-25,-0.5111433863639832,0.0
2024-03-26,0.0,0.0
2024-03-27,0.0,0.0
2024-03-28,0.0,0.0
2024-03-29,0.0,0.0
2024-03-30,0.0,0.0
2024-03-31,0.0,0.0
2024-04-01,-0.3999675750732422,0.0
2024-04-02,0.0,0.0
2024-04-03,0.0,0.0
2024-04-04,-0.09238812327384949,0.0
2024-04-05,-0.3328874905904134,0.0
2024-04-06,-0.49229514598846436,0.0
2024-04-07,-0.012017935514450073,-0.49999964237213135
2024-04-08,-0.031985968351364136,0.0
2024-04-09,-0.15523063143094382,0.0
2024-04-11,0.0,-0.6666658719380697
2024-04-12,0.16469192504882812,0.0
2024-04-13,-0.24999430775642395,0.0
2024-04-14,-0.44810202717781067,0.0
2024-04-15,-0.1663625439008077,0.0
2024-04-16,-0.17398692667484283,0.0
2024-04-17,0.24999839067459106,0.0
2024-04-18,0.0,0.0
2024-04-19,0.0,0.0
2024-04-20,0.0,0.0
2024-04-21,0.44819995760917664,0.0
2024-04-22,-0.3188292582829793,0.3245069781939189
2024-04-23,0.4,0.0
2024-04-24,0.33302422364552814,0.0
2024-04-25,0.6657538016637167,0.0
2024-04-26,0.09513935872486659,0.0
2024-04-27,-0.13060930371284485,0.0
2024-04-28,-0.3333299954732259,0.0
2024-04-29,-0.4672297239303589,0.0
2024-04-30,-0.3868425369262695,0.0
2024-05-01,0.1999651312828064,0.0
2024-05-02,0.035032764077186584,0.0
2024-05-03,0.0,0.0
2024-05-04,-0.21392491459846497,0.0
2024-05-05,0.0,0.0
2024-05-06,0.0,0.0
2024-05-07,0.0,0.0
2024-05-08,-0.24999994039535522,0.0
2024-05-09,0.0,0.0
2024-05-10,0.14636032283306122,0.0
2024-05-11,0.0,-0.9549368023872375
2024-05-12,-0.32510791222254437,0.0
2024-05-13,0.0,0.0
2024-05-14,-0.23919399082660675,0.0
2024-05-15,0.0,0.0
2024-05-16,0.0,0.0
2024-05-17,0.0,0.0
2024-05-18,0.0,0.0
2024-05-20,-0.28571334906986784,0.0
2024-05-21,-0.5712159361158099,0.0
2024-05-22,0.14285574640546525,-0.2857095514025007
2024-05-23,0.0,-0.2855089477130345
2024-05-24,-0.11096466332674026,0.0
2024-05-25,1.0,0.0
2024-05-26,0.0,0.0
2024-05-27,-0.0999685287475586,-0.3924379825592041
2024-05-28,0.4925323575735092,0.0
2024-05-29,-0.24999913573265076,0.0
2024-05-30,0.0,0.0
2024-05-31,0.0,0.0
2024-06-01,0.0,0.0
2024-06-03,-0.15729278326034546,0.0
2024-06-04,-0.24999961256980896,0.0
2024-06-05,-0.49997061491012573,0.0
2024-06-06,0.0,0.0
2024-06-07,0.0,0.0
2024-06-08,0.0,0.0
2024-06-09,0.0,0.0
2024-06-10,-0.1665326456228892,0.0
2024-06-11,-0.06949082704690787,-0.12940208728496844
2024-06-12,0.0,-0.15709625482559203
2024-06-13,0.16666664679845175,0.0
2024-06-14,0.0,0.0
2024-06-15,-0.19999339580535888,0.0
2024-06-16,0.0,0.0
2024-06-17,-0.18387463688850403,0.0
2024-06-18,0.03909976780414581,0.0
2024-06-19,-0.1083421442243788,0.0
2024-06-20,-0.34980929642915726,0.0
2024-06-21,-0.4891587048768997,0.0
2024-06-22,-0.16584019362926483,0.0
2024-06-23,0.06112414598464966,0.0
2024-06-24,0.0,0.0
2024-06-25,0.0,0.0
2024-06-26,0.4999985694885254,0.0
2024-06-27,0.0,0.0
2024-06-28,0.04293367266654968,-0.24977774918079376
2024-06-29,-0.3332941432793935,0.0
2024-06-30,0.0,0.0
2024-07-01,1.9924981253487723e-05,0.0
2024-07-02,0.0,0.0
2024-07-03,-0.1998830556869507,0.16586896181106567
2024-07-04,3.001093864440918e-05,0.0
2024-07-05,-0.3332140843073527,0.0
2024-07-06,-0.3332204818725586,0.0
2024-07-07,0.0,0.0
2024-07-08,-0.12499947845935822,0.0
2024-07-09,0.18143123388290405,0.0
2024-07-10,-0.03460276126861572,0.06579708627292088
2024-07-11,0.0,0.0
2024-07-12,-0.14178574085235596,0.0
2024-07-13,0.5,0.0
2024-07-14,0.0,0.0
2024-07-15,0.0,-0.4875890612602234
2024-07-16,0.0,-0.3330701986948649
2024-07-18,-0.16663343707720438,0.0
2024-07-19,-0.11078420281410217,0.06505075097084045
2024-07-20,-0.639528234799703,0.0
2024-07-21,-0.6664833227793375,0.0
2024-07-22,0.0,-0.28569650650024414
2024-07-23,0.24743399024009705,0.0
2024-07-24,-0.24890469014644623,0.0
2024-07-25,0.0,0.0
2024-07-26,-0.3999472141265869,0.0
2024-07-27,0.0,0.0
2024-07-28,0.0,0.0
2024-07-31,0.0,0.0
2024-08-01,0.0,0.0
2024-08-02,-0.16071014006932577,0.0
2024-08-03,-0.3888494372367859,0.0
2024-08-04,0.0,0.0
2024-08-05,-0.27730896406703526,-0.10907114545504253
2024-08-06,0.03335847637870095,0.0
2024-08-07,-0.3603194057941437,0.0
2024-08-08,-0.19247714281082154,0.0
2024-08-09,0.0,0.0
2024-08-10,-0.4271981053882175,0.0
2024-08-11,-0.19943023920059205,0.0
2024-08-12,-0.12497424334287643,-0.4998844116926193
2024-08-13,-0.33329060673713684,0.0
2024-08-14,0.0,0.0
2024-08-15,0.0,0.0
2024-08-16,0.44442955652872723,-0.21248373720380995
2024-08-17,-0.21879918376604715,0.0
2024-08-18,0.0,0.0
2024-08-19,-0.19993941783905028,0.0
2024-08-20,0.010147128786359514,-0.14249720743724278
2024-08-21,0.0,0.0
2024-08-22,0.5,-0.437068372964859
2024-08-23,0.0,0.0
2024-08-24,0.0,0.0
2024-08-25,0.0,0.0
2024-08-26,-0.14285704067775182,0.0
2024-08-27,-0.49996936321258545,0.0
2024-08-28,0.0,-0.09750829935073853
2024-08-29,0.3333333333333333,0.0
2024-08-30,-0.3310505251089732,0.0
2024-08-31,0.24950937181711197,0.0
2024-09-01,0.0,0.0
2024-09-02,0.0,0.0
2024-09-03,-0.6265116996235318,0.0
2024-09-04,0.1746045992924617,-0.15384606214670035
2024-09-05,0.0,0.0
2024-09-06,-0.10444703272410802,-0.28569415637425016
2024-09-07,0.04622579365968704,0.0
2024-09-08,-0.1994599938392639,0.0
2024-09-09,-0.16638398170471191,0.06837452451388042
2024-09-10,0.23528577299679027,0.0
2024-09-11,-0.1526822547117869,0.0
2024-09-12,-0.08556058731946078,0.0
2024-09-13,-0.009864782293637594,0.0
2024-09-14,0.0,0.0
2024-09-15,-0.3908933401107788,0.0
2024-09-16,0.1999798059463501,0.0
2024-09-17,-0.2499990463256836,0.0
2024-09-18,-0.24934309720993042,0.0
2024-09-19,-0.29841138124465943,0.0
2024-09-20,-0.3723376914858818,0.0
2024-09-21,1.5207699366978236e-05,0.0
2024-09-22,0.5,0.0
2024-09-23,0.0,0.0
2024-09-24,0.005006020719354803,-0.18181690302762119
2024-09-25,-0.195088529586792,0.39999947547912595
2024-09-26,-0.31825685501098633,0.0
2024-09-27,-0.17384696669048733,0.21361789438459608
2024-09-28,0.1248478963971138,0.0
2024-09-29,0.0,0.0
2024-09-30,-0.07327003002166749,-0.07999985694885253
2024-10-01,0.022936224937438965,0.1762607842683792
2024-10-02,-0.19962120056152344,0.0
2024-10-03,0.1896920402844747,0.0
2024-10-04,-0.1442227235862187,-0.06690662247794014
2024-10-05,0.0,-0.24460385739803314
2024-10-06,-0.27358268698056537,-0.33004921674728394
2024-10-07,-0.24473688006401062,0.0
2024-10-08,-0.6247955709695816,-0.24999508261680603
2024-10-09,-0.08190518120924632,0.01250380277633667
2024-10-10,0.20157872140407562,0.0
2024-10-11,-0.10866284370422363,-0.19999732971191406
2024-10-12,-0.24917865544557571,0.0
2024-10-13,-0.10974114471011692,-0.1111105548010932
2024-10-14,0.36308852109042083,0.0
2024-10-15,-0.11764669418334961,-0.11727491547079648
2024-10-16,-0.12092860788106918,-0.12499916553497314
2024-10-17,-0.42857132639203754,-0.09248312882014684
2024-10-18,-0.06640040874481201,0.0
2024-10-19,-0.1402632508959089,0.0
2024-10-20,0.0,0.0
2024-10-21,0.2343452913420541,0.0
2024-10-22,-0.1999969959259033,0.0
2024-10-23,0.07692307692307693,-0.20409095745820266
2024-10-24,0.19999983310699462,-0.5999452233314514
2024-10-25,-0.16783076524734497,0.18181393363259055
2024-10-26,0.0,0.0
2024-10-27,3.650784492492676e-05,0.0
2024-10-28,0.19999914169311522,-0.1593438744544983
2024-10-29,0.12992909749348958,-0.13322269121805827
2024-10-30,-0.3870909433615835,-0.1041560549485056
2024-10-31,-0.45445795492692426,0.0
2024-11-01,-3.522176008958083e-05,-0.30760025061093843
2024-11-02,-0.24928194284439087,0.0
2024-11-03,0.0,0.0
2024-11-04,0.11111107137468126,0.10282473431693183
2024-11-05,-0.025537643167707656,-0.023881249957614474
2024-11-06,0.004649532692773002,0.3111139323030199
2024-11-07,-0.023188290388687798,0.32952791711558466
2024-11-08,-0.009284163776196931,0.041361608003315176
2024-11-09,0.07499860972166061,-0.12472306936979294
2024-11-10,0.0,0.24965821206569672
2024-11-11,-0.28096045115414786,-0.05858394328285666
2024-11-12,0.2935678958892822,0.0
2024-11-13,-0.021195864677429198,-0.13290732701619465
2024-11-14,-0.0714283755847386,0.0
2024-11-15,0.21833257033274725,0.0
2024-11-16,0.0525378406047821,0.0
2024-11-17,0.0,0.0
2024-11-18,-0.08333296577135722,0.0
2024-11-19,0.06767963108263518,0.19358676358273155
2024-11-20,-0.07685876809633695,-0.11653674795077397
2024-11-21,-0.06393539508183797,-0.05790677070617676
2024-11-22,-0.0770963570650886,-0.22590876326841466
2024-11-23,0.3329309622446696,0.0
2024-11-24,0.06962120135625204,0.0633171558380127
2024-11-25,-0.14287453144788742,0.060050252825021744
2024-11-26,-0.277194775286175,-0.04720539422262283
2024-11-27,0.10853650895032016,0.0
2024-11-28,0.07799738103693182,0.0
2024-11-29,0.12252357602119446,0.0
2024-11-30,0.09088397026062012,0.0
2024-12-01,0.0,0.0
2024-12-02,-0.10603001515070597,0.0
2024-12-03,0.01905772752232022,0.03455867369969686
2024-12-04,-0.06336040659384294,-0.090899565003135
2024-12-05,0.00241224467754364,-0.16379242142041525
2024-12-06,0.11737916399450864,0.11702128718881045
2024-12-07,0.24901627004146576,0.0
2024-12-08,-0.0827653706073761,0.0
2024-12-09,-0.06478150685628255,0.08330214023590088
2024-12-10,7.615804672241211e-05,0.03999993324279785
2024-12-11,0.22182339216981614,-0.09506455063819885
2024-12-12,-0.026537405593054637,-0.03565944518361773
2024-12-13,0.03051079511642456,0.02832147479057312
2024-12-14,0.0,0.0
2024-12-15,-0.045442079955881294,-4.206462339921431e-05
2024-12-16,0.09440401054563977,0.0
2024-12-17,-0.06032729690725153,-0.03030122048927076
2024-12-18,-0.09856819189511813,-0.0376106661099654
2024-12-19,0.04331461091836294,0.029818226893742878
2024-12-20,-0.06206163954227529,-0.03854779233323767
2024-12-21,0.0,-0.11574648408328786
2024-12-22,0.05975065231323242,0.0
