Date,Open,High,Low,Close,Volume,Dividends,Stock Splits,Change %
2023-12-21 00:00:00-05:00,4724.290039,4748.709961,4708.350098,4746.75,3431180000,0,0,0
2023-12-22 00:00:00-05:00,4753.919922,4772.939941,4736.77002,4754.629883,3046770000,0,0,0.166005853
2023-12-26 00:00:00-05:00,4758.859863,4784.720215,4758.450195,4774.75,2513910000,0,0,0.423168947
2023-12-27 00:00:00-05:00,4773.450195,4785.390137,4768.899902,4781.580078,2748450000,0,0,0.143045775
2023-12-28 00:00:00-05:00,4786.439941,4793.299805,4780.97998,4783.350098,2698860000,0,0,0.037017461
2023-12-29 00:00:00-05:00,4782.879883,4788.430176,4751.990234,4769.830078,3126060000,0,0,-0.282647501
2024-01-02 00:00:00-05:00,4745.200195,4754.330078,4722.669922,4742.830078,3743050000,0,0,-0.566057901
2024-01-03 00:00:00-05:00,4725.069824,4729.290039,4699.709961,4704.810059,3950760000,0,0,-0.801631492
2024-01-04 00:00:00-05:00,4697.419922,4726.779785,4687.529785,4688.680176,3715480000,0,0,-0.34283813
2024-01-05 00:00:00-05:00,4690.569824,4721.490234,4682.109863,4697.240234,3844370000,0,0,0.182568618
2024-01-08 00:00:00-05:00,4703.700195,4764.540039,4699.819824,4763.540039,3742320000,0,0,1.411462931
2024-01-09 00:00:00-05:00,4741.930176,4765.470215,4730.350098,4756.5,3529960000,0,0,-0.147790068
2024-01-10 00:00:00-05:00,4759.939941,4790.799805,4756.200195,4783.450195,3498680000,0,0,0.566597189
2024-01-11 00:00:00-05:00,4792.129883,4798.5,4739.580078,4780.240234,3759890000,0,0,-0.067105558
2024-01-12 00:00:00-05:00,4791.180176,4802.399902,4768.97998,4783.830078,3486340000,0,0,0.075097559
2024-01-16 00:00:00-05:00,4772.350098,4782.339844,4747.120117,4765.97998,4260550000,0,0,-0.373134024
2024-01-17 00:00:00-05:00,4739.129883,4744.22998,4714.819824,4739.209961,3928600000,0,0,-0.561689718
2024-01-18 00:00:00-05:00,4760.100098,4785.790039,4740.569824,4780.939941,4019000000,0,0,0.880526096
2024-01-19 00:00:00-05:00,4796.279785,4842.069824,4785.870117,4839.810059,4287200000,0,0,1.231350276
2024-01-22 00:00:00-05:00,4853.419922,4868.410156,4844.049805,4850.430176,4297610000,0,0,0.21943252
2024-01-23 00:00:00-05:00,4856.799805,4866.47998,4844.370117,4864.600098,3912800000,0,0,0.292137426
2024-01-24 00:00:00-05:00,4888.560059,4903.680176,4865.939941,4868.549805,4330030000,0,0,0.081192841
2024-01-25 00:00:00-05:00,4886.660156,4898.149902,4869.339844,4894.160156,4020430000,0,0,0.526036553
2024-01-26 00:00:00-05:00,4888.910156,4906.689941,4881.470215,4890.970215,3353400000,0,0,-0.065178525
2024-01-29 00:00:00-05:00,4892.950195,4929.310059,4887.399902,4927.930176,3525160000,0,0,0.75567749
2024-01-30 00:00:00-05:00,4925.890137,4931.089844,4916.27002,4924.970215,3836130000,0,0,-0.060064993
2024-01-31 00:00:00-05:00,4899.189941,4906.75,4845.149902,4845.649902,4696120000,0,0,-1.610574461
2024-02-01 00:00:00-05:00,4861.109863,4906.970215,4853.52002,4906.189941,4386090000,0,0,1.249368821
2024-02-02 00:00:00-05:00,4916.060059,4975.290039,4907.990234,4958.609863,3974350000,0,0,1.068444608
2024-02-05 00:00:00-05:00,4957.189941,4957.189941,4918.089844,4942.810059,4023640000,0,0,-0.318633753
2024-02-06 00:00:00-05:00,4950.160156,4957.77002,4934.879883,4954.22998,4440880000,0,0,0.231041083
2024-02-07 00:00:00-05:00,4973.049805,4999.890137,4969.049805,4995.060059,4895590000,0,0,0.824145796
2024-02-08 00:00:00-05:00,4995.160156,5000.399902,4987.089844,4997.910156,4341860000,0,0,0.057058326
2024-02-09 00:00:00-05:00,5004.169922,5030.060059,5000.339844,5026.609863,3912990000,0,0,0.574234153
2024-02-12 00:00:00-05:00,5026.830078,5048.390137,5016.830078,5021.839844,3805740000,0,0,-0.09489536
2024-02-13 00:00:00-05:00,4967.939941,4971.299805,4920.310059,4953.169922,4302190000,0,0,-1.367425565
2024-02-14 00:00:00-05:00,4976.439941,5002.52002,4956.450195,5000.620117,3845600000,0,0,0.957976328
2024-02-15 00:00:00-05:00,5003.140137,5032.720215,4999.439941,5029.72998,4137970000,0,0,0.582125068
2024-02-16 00:00:00-05:00,5031.129883,5038.700195,4999.52002,5005.569824,3833270000,0,0,-0.480346984
2024-02-20 00:00:00-05:00,4989.319824,4993.709961,4955.02002,4975.509766,4034880000,0,0,-0.6005322
2024-02-21 00:00:00-05:00,4963.029785,4983.209961,4946,4981.799805,3788390000,0,0,0.126419992
2024-02-22 00:00:00-05:00,5038.830078,5094.390137,5038.830078,5087.029785,4051710000,0,0,2.112288422
2024-02-23 00:00:00-05:00,5100.919922,5111.060059,5081.459961,5088.799805,3672790000,0,0,0.034794755
2024-02-26 00:00:00-05:00,5093,5097.660156,5068.910156,5069.529785,3683930000,0,0,-0.378675135
2024-02-27 00:00:00-05:00,5074.600098,5080.689941,5057.290039,5078.180176,3925950000,0,0,0.17063497
2024-02-28 00:00:00-05:00,5067.200195,5077.370117,5058.350098,5069.759766,3789370000,0,0,-0.165815506
2024-02-29 00:00:00-05:00,5085.359863,5104.990234,5061.890137,5096.27002,5219740000,0,0,0.52290947
2024-03-01 00:00:00-05:00,5098.509766,5140.330078,5094.160156,5137.080078,4748110000,0,0,0.800782895
2024-03-04 00:00:00-05:00,5130.990234,5149.669922,5127.180176,5130.950195,4758440000,0,0,-0.119326207
2024-03-05 00:00:00-05:00,5110.52002,5114.540039,5056.819824,5078.649902,4418410000,0,0,-1.019310088
2024-03-06 00:00:00-05:00,5108.029785,5127.970215,5092.220215,5104.759766,4559050000,0,0,0.51411032
2024-03-07 00:00:00-05:00,5132.379883,5165.620117,5128.209961,5157.359863,4137980000,0,0,1.030412793
2024-03-08 00:00:00-05:00,5164.459961,5189.259766,5117.5,5123.689941,4208870000,0,0,-0.6528519
2024-03-11 00:00:00-04:00,5111.959961,5124.660156,5091.140137,5117.939941,3896430000,0,0,-0.112223809
2024-03-12 00:00:00-04:00,5134.299805,5179.870117,5114.47998,5175.27002,4080510000,0,0,1.120178798
2024-03-13 00:00:00-04:00,5173.490234,5179.140137,5151.879883,5165.310059,4282890000,0,0,-0.192452972
2024-03-14 00:00:00-04:00,5175.140137,5176.850098,5123.299805,5150.47998,4687970000,0,0,-0.287109156
2024-03-15 00:00:00-04:00,5123.310059,5136.859863,5104.350098,5117.089844,7753670000,0,0,-0.648291748
2024-03-18 00:00:00-04:00,5154.77002,5175.600098,5145.470215,5149.419922,4036220000,0,0,0.63180595
2024-03-19 00:00:00-04:00,5139.089844,5180.310059,5131.589844,5178.509766,4031760000,0,0,0.564914965
2024-03-20 00:00:00-04:00,5181.689941,5226.189941,5171.549805,5224.620117,4064850000,0,0,0.890417391
2024-03-21 00:00:00-04:00,5253.430176,5261.100098,5240.660156,5241.529785,4207730000,0,0,0.32365354
2024-03-22 00:00:00-04:00,5242.47998,5246.089844,5229.870117,5234.180176,3374700000,0,0,-0.140218785
2024-03-25 00:00:00-04:00,5219.52002,5229.089844,5216.089844,5218.189941,3331360000,0,0,-0.305496445
2024-03-26 00:00:00-04:00,5228.850098,5235.160156,5203.419922,5203.580078,3871790000,0,0,-0.279979523
2024-03-27 00:00:00-04:00,5226.310059,5249.259766,5213.919922,5248.490234,3850500000,0,0,0.863062653
2024-03-28 00:00:00-04:00,5248.029785,5264.850098,5245.819824,5254.350098,3998270000,0,0,0.111648551
2024-04-01 00:00:00-04:00,5257.970215,5263.950195,5229.200195,5243.77002,3325930000,0,0,-0.201358454
2024-04-02 00:00:00-04:00,5204.290039,5208.339844,5184.049805,5205.810059,3886590000,0,0,-0.723905907
2024-04-03 00:00:00-04:00,5194.370117,5228.75,5194.370117,5211.490234,3703250000,0,0,0.109112236
2024-04-04 00:00:00-04:00,5244.049805,5256.589844,5146.060059,5147.209961,4075680000,0,0,-1.233433635
2024-04-05 00:00:00-04:00,5158.950195,5222.180176,5157.209961,5204.339844,3386780000,0,0,1.109919417
2024-04-08 00:00:00-04:00,5211.370117,5219.569824,5197.350098,5202.390137,3278180000,0,0,-0.0374631
2024-04-09 00:00:00-04:00,5217.029785,5224.810059,5160.779785,5209.910156,3400680000,0,0,0.144549319
2024-04-10 00:00:00-04:00,5167.879883,5178.430176,5138.700195,5160.640137,3845930000,0,0,-0.945698065
2024-04-11 00:00:00-04:00,5172.950195,5211.779785,5138.77002,5199.060059,3509380000,0,0,0.744479771
2024-04-12 00:00:00-04:00,5171.509766,5175.029785,5107.939941,5123.410156,3963220000,0,0,-1.45506883
2024-04-15 00:00:00-04:00,5149.669922,5168.430176,5052.470215,5061.819824,3950210000,0,0,-1.202135495
2024-04-16 00:00:00-04:00,5064.589844,5079.839844,5039.830078,5051.410156,4006200000,0,0,-0.205650701
2024-04-17 00:00:00-04:00,5068.970215,5077.959961,5007.25,5022.209961,3596130000,0,0,-0.578060272
2024-04-18 00:00:00-04:00,5031.52002,5056.660156,5001.890137,5011.120117,3619760000,0,0,-0.220816012
2024-04-19 00:00:00-04:00,5005.439941,5019.02002,4953.560059,4967.22998,3878750000,0,0,-0.875854813
2024-04-22 00:00:00-04:00,4987.330078,5038.839844,4969.399902,5010.600098,3820250000,0,0,0.873124807
2024-04-23 00:00:00-04:00,5028.850098,5076.120117,5027.959961,5070.549805,3751400000,0,0,1.196457627
2024-04-24 00:00:00-04:00,5084.859863,5089.47998,5047.02002,5071.629883,3656740000,0,0,0.021301006
2024-04-25 00:00:00-04:00,5019.879883,5057.75,4990.580078,5048.419922,3958050000,0,0,-0.457643035
2024-04-26 00:00:00-04:00,5084.649902,5114.620117,5073.140137,5099.959961,3604140000,0,0,1.020914263
2024-04-29 00:00:00-04:00,5114.129883,5123.490234,5088.649902,5116.169922,3447450000,0,0,0.317844867
2024-04-30 00:00:00-04:00,5103.779785,5110.830078,5035.310059,5035.689941,4082470000,0,0,-1.573051359
2024-05-01 00:00:00-04:00,5029.029785,5096.120117,5013.450195,5018.390137,4544170000,0,0,-0.343543882
2024-05-02 00:00:00-04:00,5049.319824,5073.209961,5011.049805,5064.200195,4381660000,0,0,0.912843708
2024-05-03 00:00:00-04:00,5122.779785,5139.120117,5101.220215,5127.790039,3924990000,0,0,1.255673972
2024-05-06 00:00:00-04:00,5142.419922,5181,5142.419922,5180.740234,3683250000,0,0,1.032612391
2024-05-07 00:00:00-04:00,5187.200195,5200.22998,5178.959961,5187.700195,3987890000,0,0,0.134342982
2024-05-08 00:00:00-04:00,5168.97998,5191.950195,5165.859863,5187.669922,3842100000,0,0,-0.000583562
2024-05-09 00:00:00-04:00,5189.029785,5215.299805,5180.410156,5214.080078,3727370000,0,0,0.50909477
2024-05-10 00:00:00-04:00,5225.490234,5239.660156,5209.680176,5222.680176,3617900000,0,0,0.164939884
2024-05-13 00:00:00-04:00,5233.080078,5237.259766,5211.160156,5221.419922,4255710000,0,0,-0.024130406
2024-05-14 00:00:00-04:00,5221.100098,5250.370117,5217.97998,5246.680176,4763580000,0,0,0.483781314
2024-05-15 00:00:00-04:00,5263.259766,5311.759766,5263.259766,5308.149902,4360810000,0,0,1.171592788
2024-05-16 00:00:00-04:00,5310.069824,5325.490234,5296.189941,5297.100098,3817470000,0,0,-0.208166779
2024-05-17 00:00:00-04:00,5303.100098,5305.450195,5283.589844,5303.27002,3578120000,0,0,0.116477351
2024-05-20 00:00:00-04:00,5305.350098,5325.319824,5302.399902,5308.129883,3420100000,0,0,0.091638994
2024-05-21 00:00:00-04:00,5298.689941,5324.319824,5297.870117,5321.410156,3662240000,0,0,0.250187424
2024-05-22 00:00:00-04:00,5319.279785,5323.180176,5286.009766,5307.009766,3847130000,0,0,-0.270612304
2024-05-23 00:00:00-04:00,5340.259766,5341.879883,5256.930176,5267.839844,3869520000,0,0,-0.738078949
2024-05-24 00:00:00-04:00,5281.450195,5311.649902,5278.390137,5304.720215,3005510000,0,0,0.700104259
2024-05-28 00:00:00-04:00,5315.910156,5315.910156,5280.890137,5306.040039,3751540000,0,0,0.024880185
2024-05-29 00:00:00-04:00,5278.72998,5282.27002,5262.700195,5266.950195,3552750000,0,0,-0.736704651
2024-05-30 00:00:00-04:00,5259.77002,5260.209961,5222.100098,5235.47998,3818750000,0,0,-0.597503559
2024-05-31 00:00:00-04:00,5243.209961,5280.330078,5191.680176,5277.509766,5437160000,0,0,0.80278762
2024-06-03 00:00:00-04:00,5297.149902,5302.109863,5234.319824,5283.399902,4046920000,0,0,0.111608258
2024-06-04 00:00:00-04:00,5278.240234,5298.799805,5257.629883,5291.339844,3707900000,0,0,0.150280909
2024-06-05 00:00:00-04:00,5314.47998,5354.160156,5297.640137,5354.029785,3591460000,0,0,1.184764979
2024-06-06 00:00:00-04:00,5357.799805,5362.350098,5335.359863,5352.959961,3609990000,0,0,-0.019981664
2024-06-07 00:00:00-04:00,5343.810059,5375.080078,5331.330078,5346.990234,3692760000,0,0,-0.111521973
2024-06-10 00:00:00-04:00,5341.220215,5365.790039,5331.52002,5360.790039,3622280000,0,0,0.258085466
2024-06-11 00:00:00-04:00,5353,5375.950195,5327.25,5375.319824,3568030000,0,0,0.271038132
2024-06-12 00:00:00-04:00,5409.129883,5447.25,5409.129883,5421.029785,3962840000,0,0,0.850367279
2024-06-13 00:00:00-04:00,5441.930176,5441.930176,5402.509766,5433.740234,3530380000,0,0,0.234465585
2024-06-14 00:00:00-04:00,5424.080078,5432.390137,5403.75,5431.600098,3438650000,0,0,-0.03938607
2024-06-17 00:00:00-04:00,5431.109863,5488.5,5420.399902,5473.22998,3447840000,0,0,0.766438656
2024-06-18 00:00:00-04:00,5476.149902,5490.379883,5471.319824,5487.029785,3544330000,0,0,0.252132739
2024-06-20 00:00:00-04:00,5499.990234,5505.529785,5455.560059,5473.169922,3847060000,0,0,-0.252593185
2024-06-21 00:00:00-04:00,5466.77002,5478.310059,5452.029785,5464.620117,6773800000,0,0,-0.156213032
2024-06-24 00:00:00-04:00,5459.580078,5490.660156,5447.589844,5447.870117,3696750000,0,0,-0.306517189
2024-06-25 00:00:00-04:00,5460.72998,5472.879883,5446.560059,5469.299805,3591960000,0,0,0.393359002
2024-06-26 00:00:00-04:00,5460.709961,5483.140137,5451.870117,5477.899902,3563920000,0,0,0.15724312
2024-06-27 00:00:00-04:00,5473.589844,5490.810059,5467.540039,5482.870117,3589530000,0,0,0.090732122
2024-06-28 00:00:00-04:00,5488.47998,5523.640137,5451.120117,5460.47998,7199220000,0,0,-0.408365258
2024-07-01 00:00:00-04:00,5471.080078,5479.549805,5446.529785,5475.089844,3488760000,0,0,0.267556393
2024-07-02 00:00:00-04:00,5461.839844,5509.689941,5458.430176,5509.009766,3329950000,0,0,0.619531786
2024-07-03 00:00:00-04:00,5507.439941,5539.27002,5507.419922,5537.02002,2179470000,0,0,0.508444441
2024-07-05 00:00:00-04:00,5537.910156,5570.330078,5531.629883,5567.189941,3253080000,0,0,0.544876518
2024-07-08 00:00:00-04:00,5572.75,5583.109863,5562.509766,5572.850098,3185670000,0,0,0.101669896
2024-07-09 00:00:00-04:00,5584.240234,5590.75,5574.569824,5576.97998,3232920000,0,0,0.074107194
2024-07-10 00:00:00-04:00,5591.259766,5635.390137,5586.439941,5633.910156,3336100000,0,0,1.020806529
2024-07-11 00:00:00-04:00,5635.209961,5642.450195,5576.529785,5584.540039,4020950000,0,0,-0.876302884
2024-07-12 00:00:00-04:00,5590.759766,5655.560059,5590.439941,5615.350098,3700280000,0,0,0.551702707
2024-07-15 00:00:00-04:00,5638.160156,5666.939941,5614.75,5631.220215,3620470000,0,0,0.282620263
2024-07-16 00:00:00-04:00,5644.089844,5669.669922,5639.02002,5667.200195,4041760000,0,0,0.63893755
2024-07-17 00:00:00-04:00,5610.069824,5622.490234,5584.810059,5588.27002,4246450000,0,0,-1.392754324
2024-07-18 00:00:00-04:00,5608.560059,5614.049805,5522.810059,5544.589844,4007510000,0,0,-0.781640394
2024-07-19 00:00:00-04:00,5543.370117,5557.5,5497.040039,5505,3760570000,0,0,-0.714026553
2024-07-22 00:00:00-04:00,5544.540039,5570.359863,5529.040039,5564.410156,3375180000,0,0,1.079203565
2024-07-23 00:00:00-04:00,5565.299805,5585.339844,5550.899902,5555.740234,3500210000,0,0,-0.155810259
2024-07-24 00:00:00-04:00,5505.839844,5508.040039,5419.97998,5427.129883,3945550000,0,0,-2.314909375
2024-07-25 00:00:00-04:00,5428.700195,5491.589844,5390.950195,5399.220215,4592120000,0,0,-0.514262024
2024-07-26 00:00:00-04:00,5433.669922,5488.319824,5430.700195,5459.100098,3638770000,0,0,1.10904687
2024-07-29 00:00:00-04:00,5476.549805,5487.740234,5444.439941,5463.540039,3379970000,0,0,0.081331013
2024-07-30 00:00:00-04:00,5478.72998,5489.459961,5401.700195,5436.439941,3777740000,0,0,-0.496017188
2024-07-31 00:00:00-04:00,5505.589844,5551.509766,5493.75,5522.299805,4546910000,0,0,1.579339866
2024-08-01 00:00:00-04:00,5537.839844,5566.160156,5410.419922,5446.680176,4703620000,0,0,-1.369350299
2024-08-02 00:00:00-04:00,5376.629883,5383.890137,5302.029785,5346.560059,5156450000,0,0,-1.838186087
2024-08-05 00:00:00-04:00,5151.140137,5250.890137,5119.259766,5186.330078,5333250000,0,0,-2.996879839
2024-08-06 00:00:00-04:00,5206.419922,5312.339844,5193.560059,5240.029785,4690190000,0,0,1.035408588
2024-08-07 00:00:00-04:00,5293.129883,5330.640137,5195.540039,5199.5,4558260000,0,0,-0.773464786
2024-08-08 00:00:00-04:00,5252.569824,5328.029785,5233.850098,5319.310059,4016830000,0,0,2.304261152
2024-08-09 00:00:00-04:00,5314.660156,5358.669922,5300.839844,5344.160156,3516400000,0,0,0.467167685
2024-08-12 00:00:00-04:00,5351.879883,5371.200195,5324.370117,5344.390137,3360160000,0,0,0.004303398
2024-08-13 00:00:00-04:00,5376.97998,5436.5,5376.97998,5434.430176,3648980000,0,0,1.684757975
2024-08-14 00:00:00-04:00,5442.359863,5463.220215,5415.910156,5455.209961,3380050000,0,0,0.382372843
2024-08-15 00:00:00-04:00,5501.129883,5546.22998,5501.129883,5543.220215,3723310000,0,0,1.613324776
2024-08-16 00:00:00-04:00,5530.5,5561.97998,5525.169922,5554.25,3357690000,0,0,0.198977936
2024-08-19 00:00:00-04:00,5557.22998,5608.299805,5550.740234,5608.25,3222050000,0,0,0.972228474
2024-08-20 00:00:00-04:00,5602.879883,5620.509766,5585.5,5597.120117,2994420000,0,0,-0.19845554
2024-08-21 00:00:00-04:00,5603.089844,5632.680176,5591.569824,5620.850098,3119670000,0,0,0.423967683
2024-08-22 00:00:00-04:00,5637.77002,5643.220215,5560.950195,5570.640137,2981530000,0,0,-0.893280555
2024-08-23 00:00:00-04:00,5602.490234,5641.819824,5585.160156,5634.609863,3291940000,0,0,1.148337085
2024-08-26 00:00:00-04:00,5639.660156,5651.620117,5602.339844,5616.839844,2938570000,0,0,-0.315372669
2024-08-27 00:00:00-04:00,5602.890137,5631.180176,5593.47998,5625.799805,2798990000,0,0,0.159519609
2024-08-28 00:00:00-04:00,5624.509766,5627.029785,5560.950195,5592.180176,3053450000,0,0,-0.597597321
2024-08-29 00:00:00-04:00,5607.299805,5646.950195,5583.709961,5591.959961,3065640000,0,0,-0.003937907
2024-08-30 00:00:00-04:00,5612.740234,5651.370117,5581.790039,5648.399902,4185850000,0,0,1.009305177
2024-09-03 00:00:00-04:00,5623.890137,5623.890137,5504.330078,5528.930176,3866350000,0,0,-2.11510744
2024-09-04 00:00:00-04:00,5506.680176,5552.990234,5503.660156,5520.069824,3478140000,0,0,-0.160254358
2024-09-05 00:00:00-04:00,5520.080078,5546.299805,5480.540039,5503.410156,3521650000,0,0,-0.301801762
2024-09-06 00:00:00-04:00,5507.330078,5522.470215,5402.620117,5408.419922,3822800000,0,0,-1.726024986
2024-09-09 00:00:00-04:00,5442.069824,5484.200195,5434.490234,5471.049805,3825940000,0,0,1.158007028
2024-09-10 00:00:00-04:00,5490.509766,5497.910156,5441.720215,5495.52002,3848180000,0,0,0.447267265
2024-09-11 00:00:00-04:00,5496.419922,5560.410156,5406.959961,5554.129883,3839450000,0,0,1.066502589
2024-09-12 00:00:00-04:00,5557.47998,5600.709961,5535.5,5595.759766,3655070000,0,0,0.749530236
2024-09-13 00:00:00-04:00,5603.339844,5636.27002,5601.649902,5626.02002,3500790000,0,0,0.540771141
2024-09-16 00:00:00-04:00,5615.209961,5636.049805,5604.529785,5633.089844,3437070000,0,0,0.125662977
2024-09-17 00:00:00-04:00,5655.509766,5670.810059,5614.049805,5634.580078,3443600000,0,0,0.026455008
2024-09-18 00:00:00-04:00,5641.680176,5689.75,5615.080078,5618.259766,3691390000,0,0,-0.289645586
2024-09-19 00:00:00-04:00,5702.629883,5733.569824,5686.419922,5713.640137,4024530000,0,0,1.697685317
2024-09-20 00:00:00-04:00,5709.640137,5715.140137,5674.490234,5702.549805,7867260000,0,0,-0.19410274
2024-09-23 00:00:00-04:00,5711.899902,5725.359863,5704.220215,5718.569824,3529550000,0,0,0.280927306
2024-09-24 00:00:00-04:00,5727.660156,5735.319824,5698.990234,5732.930176,3872710000,0,0,0.251117884
2024-09-25 00:00:00-04:00,5733.649902,5741.029785,5712.060059,5722.259766,3624910000,0,0,-0.186124893
2024-09-26 00:00:00-04:00,5762.220215,5767.370117,5721.009766,5745.370117,4391180000,0,0,0.403867572
2024-09-27 00:00:00-04:00,5755.359863,5763.779785,5727.339844,5738.169922,3898530000,0,0,-0.125321697
2024-09-30 00:00:00-04:00,5726.52002,5765.140137,5703.529785,5762.47998,4425730000,0,0,0.423655258
2024-10-01 00:00:00-04:00,5757.72998,5757.72998,5681.279785,5708.75,4025180000,0,0,-0.932410709
2024-10-02 00:00:00-04:00,5698.140137,5719.629883,5674,5709.540039,3829050000,0,0,0.01383909
2024-10-03 00:00:00-04:00,5698.189941,5718.779785,5677.370117,5699.939941,3597450000,0,0,-0.168141349
2024-10-04 00:00:00-04:00,5737.47998,5753.209961,5702.830078,5751.069824,3479400000,0,0,0.89702494
2024-10-07 00:00:00-04:00,5737.799805,5739.339844,5686.850098,5695.939941,3637790000,0,0,-0.958602217
2024-10-08 00:00:00-04:00,5719.140137,5757.600098,5714.560059,5751.129883,3393400000,0,0,0.96893475
2024-10-09 00:00:00-04:00,5751.799805,5796.799805,5745.02002,5792.040039,3650340000,0,0,0.711341199
2024-10-10 00:00:00-04:00,5778.359863,5795.029785,5764.759766,5780.049805,3208790000,0,0,-0.207012284
2024-10-11 00:00:00-04:00,5775.089844,5822.129883,5775.089844,5815.029785,3208720000,0,0,0.605184759
2024-10-14 00:00:00-04:00,5829.810059,5871.410156,5829.569824,5859.850098,3005250000,0,0,0.770766688
2024-10-15 00:00:00-04:00,5866.740234,5870.359863,5804.47998,5815.259766,3882120000,0,0,-0.760946633
2024-10-16 00:00:00-04:00,5816.580078,5846.52002,5808.339844,5842.470215,3467230000,0,0,0.467914596
2024-10-17 00:00:00-04:00,5875.620117,5878.459961,5840.25,5841.470215,3480010000,0,0,-0.017116048
2024-10-18 00:00:00-04:00,5859.430176,5872.169922,5846.109863,5864.669922,3374490000,0,0,0.397155274
2024-10-21 00:00:00-04:00,5857.819824,5866.919922,5824.790039,5853.97998,3407010000,0,0,-0.182276949
2024-10-22 00:00:00-04:00,5832.700195,5863.040039,5821.169922,5851.200195,3342080000,0,0,-0.047485389
2024-10-23 00:00:00-04:00,5834.5,5834.850098,5762.410156,5797.419922,3532650000,0,0,-0.919132343
2024-10-24 00:00:00-04:00,5817.799805,5817.799805,5784.919922,5809.859863,3543030000,0,0,0.214577201
2024-10-25 00:00:00-04:00,5826.75,5862.819824,5799.97998,5808.120117,3501280000,0,0,-0.029944717
2024-10-28 00:00:00-04:00,5833.930176,5842.919922,5823.080078,5823.52002,3691280000,0,0,0.26514435
2024-10-29 00:00:00-04:00,5819.680176,5847.189941,5802.169922,5832.919922,3879100000,0,0,0.161412725
2024-10-30 00:00:00-04:00,5832.649902,5850.939941,5811.279785,5813.669922,3851120000,0,0,-0.330023389
2024-10-31 00:00:00-04:00,5775.339844,5775.339844,5702.859863,5705.450195,4425660000,0,0,-1.861470087
2024-11-01 00:00:00-04:00,5723.220215,5772.52002,5723.220215,5728.799805,3796450000,0,0,0.409250954
2024-11-04 00:00:00-05:00,5725.149902,5741.430176,5696.509766,5712.689941,3602060000,0,0,-0.281208348
2024-11-05 00:00:00-05:00,5722.430176,5783.439941,5722.100098,5782.759766,3768310000,0,0,1.226564455
2024-11-06 00:00:00-05:00,5864.890137,5936.140137,5864.890137,5929.040039,6329530000,0,0,2.529592779
2024-11-07 00:00:00-05:00,5947.209961,5983.839844,5947.209961,5973.100098,4925740000,0,0,0.743122973
2024-11-08 00:00:00-05:00,5976.759766,6012.450195,5976.759766,5995.540039,4666740000,0,0,0.375683331
2024-11-11 00:00:00-05:00,6008.859863,6017.310059,5986.689941,6001.350098,4333000000,0,0,0.096906343
2024-11-12 00:00:00-05:00,6003.600098,6009.919922,5960.080078,5983.990234,4243400000,0,0,-0.289265965
2024-11-13 00:00:00-05:00,5985.75,6008.189941,5965.910156,5985.379883,4220180000,0,0,0.023222772
2024-11-14 00:00:00-05:00,5989.680176,5993.879883,5942.279785,5949.169922,4184570000,0,0,-0.604973479
2024-11-15 00:00:00-05:00,5912.790039,5915.319824,5853.009766,5870.620117,4590960000,0,0,-1.320348985
2024-11-18 00:00:00-05:00,5874.169922,5908.120117,5865.950195,5893.620117,3983860000,0,0,0.391781439
2024-11-19 00:00:00-05:00,5870.049805,5923.509766,5855.290039,5916.97998,4036940000,0,0,0.396358483
2024-11-20 00:00:00-05:00,5914.339844,5920.669922,5860.560059,5917.109863,3772620000,0,0,0.002195086
2024-11-21 00:00:00-05:00,5940.580078,5963.319824,5887.259766,5948.709961,4230120000,0,0,0.534046154
2024-11-22 00:00:00-05:00,5944.359863,5972.899902,5944.359863,5969.339844,4141420000,0,0,0.346795909
2024-11-25 00:00:00-05:00,5992.279785,6020.75,5963.910156,5987.370117,5633150000,0,0,0.302048031
2024-11-26 00:00:00-05:00,6000.029785,6025.419922,5992.27002,6021.629883,3835170000,0,0,0.572200565
2024-11-27 00:00:00-05:00,6014.109863,6020.160156,5984.870117,5998.740234,3363340000,0,0,-0.380123802
2024-11-29 00:00:00-05:00,6003.97998,6044.169922,6003.97998,6032.379883,2444420000,0,0,0.560778549
2024-12-02 00:00:00-05:00,6040.109863,6053.580078,6035.330078,6047.149902,4412470000,0,0,0.244845647
2024-12-03 00:00:00-05:00,6042.970215,6052.069824,6033.390137,6049.879883,4095000000,0,0,0.045144911
2024-12-04 00:00:00-05:00,6069.390137,6089.839844,6061.060059,6086.490234,4003390000,0,0,0.605141792
2024-12-05 00:00:00-05:00,6089.029785,6094.549805,6072.899902,6075.109863,4212020000,0,0,-0.186977563
2024-12-06 00:00:00-05:00,6081.379883,6099.970215,6079.97998,6090.27002,3924830000,0,0,0.249545384
2024-12-09 00:00:00-05:00,6083.009766,6088.509766,6048.629883,6052.850098,4556460000,0,0,-0.614421393
2024-12-10 00:00:00-05:00,6057.589844,6065.399902,6029.890137,6034.910156,4048410000,0,0,-0.296388331
2024-12-11 00:00:00-05:00,6060.149902,6092.589844,6060.149902,6084.189941,4269950000,0,0,0.816578605
2024-12-12 00:00:00-05:00,6074.290039,6079.680176,6051.25,6051.25,3678010000,0,0,-0.541402253
2024-12-13 00:00:00-05:00,6068.169922,6078.580078,6035.77002,6051.089844,3584960000,0,0,-0.002646664
2024-12-16 00:00:00-05:00,6063.790039,6085.189941,6059.140137,6074.080078,4391100000,0,0,0.379935433
2024-12-17 00:00:00-05:00,6052.549805,6057.680176,6035.189941,6050.609863,4544500000,0,0,-0.386399497
2024-12-18 00:00:00-05:00,6047.649902,6070.669922,5867.790039,5872.160156,5246960000,0,0,-2.949284635
2024-12-19 00:00:00-05:00,5912.709961,5935.52002,5866.069824,5867.080078,4896880000,0,0,-0.086511232
2024-12-20 00:00:00-05:00,5842,5982.060059,5832.299805,5930.850098,8223220000,0,0,1.086912377
